,country,city,count,locations
0,JP, ,14907063,1525
1,US,007,19567,4
2,US,015,1025,1
3,US,037,12538,1
4,US,039,4583,2
5,US,047,19420,4
6,US,057,1589,1
7,US,059,1373,1
8,US,069,656,1
9,US,Aberdeen,50602,1
10,CI,Abidjan,28046,1
11,AE,Abu Al Abyad,11244,1
12,AE,Abu Dhabi,160486,9
13,GH,Accra,26865,1
14,ES,A Coruña,974073,20
15,US,ADA,35477,1
16,US,ADAIR,210794,1
17,US,ADAMS,73205,2
18,TR,Adana,287572,8
19,ET,Addis Ababa,37262,1
20,AU,Adelaide,35118,2
21,TR,Adıyaman,8432,1
22,US,Adrian,83784,1
23,MK,Aerodrom Municipality,204412,1
24,TR,Afyonkarahisar,34923,3
25,TR,Ağrı,121633,3
26,MX,Aguascalientes,65600,4
27,MX,AGUASCALIENTES,669,2
28,ES,Agullana,25208,1
29,FR,Ain,259794,2
30,US,AIR,5971,13
31,FR,Aisne,169300,2
32,HU,Ajka,11468,1
33,US,Akron,143033,2
34,TR,Aksaray,20578,1
35,IS,Akureyri,52105,1
36,AE,Al Ain,69807,6
37,US,ALAMEDA,150016,1
38,RO,Alba,55030,2
39,US,Albany,36493,1
40,US,Albany-Lebanon,91602,2
41,US,Albany-Schenectady-Troy,112551,3
42,CA,ALBERTA,1816610,31
43,US,Albuquerque,861325,7
44,ES,Alcanar,22194,1
45,IT,Alessandria,129411,3
46,NO,Ålesund,126947,2
47,US,ALEXANDER,54466,1
48,ZA,Alfred Nzo,34512,5
49,ES,Alicante/Alacant,766102,10
50,US,Allegan,53306,1
51,US,Allentown-Bethlehem-Easton,180024,2
52,FR,Allier,141266,1
53,ES,Almería,1004019,10
54,MX,Almoloya de Juárez,17315,1
55,FR,Alpes-de-Haute-Provence,241710,2
56,FR,Alpes-Maritimes,563279,9
57,AE,Al Ruways Industrial City,14464,1
58,CL,Alto Hospicio,4171,1
59,AU,Altona North,36497,1
60,US,Altoona,92447,1
61,MX,Álvaro Obregón,40162,1
62,LT,Alytus,12671,1
63,US,AMADOR,28966,1
64,US,Amarillo,55278,2
65,TR,Amasya,193554,4
66,BR,Americana,34528,1
67,US,Americus,35505,1
68,JO,Amman,37837,1
69,TH,Amnat Charoen,567,1
70,ES,Amposta,55447,1
71,NL,Amsterdam,1567465,12
72,US,Anchorage,197945,3
73,IT,Ancona,358783,4
74,CL,Andacollo,95508,3
75,US,Anderson,68454,2
76,US,ANDERSON,18378,1
77,US,ANDREW,33962,1
78,TR,Ankara,444619,20
79,US,Ann Arbor,118620,2
80,TR,Antalya,116320,8
81,CL,Antofagasta,130518,1
82,NL,Antwerpen,37241,1
83,BE,Antwerpen,533170,18
84,MX,Apizaco,35205,1
85,MX,Apodaca,44050,1
86,US,Appleton,70787,1
87,ES,Araba/Álava,582624,7
88,BR,Araçatuba,30048,1
89,RO,Arad,95734,3
90,US,ARAPAHOE,43473,1
91,BR,Araraquara,39681,1
92,US,ARCHULETA,81027,1
93,TR,Ardahan,16801,1
94,FR,Ardèche,34112,1
95,FR,Ardennes,166301,2
96,US,Ardmore,125222,2
97,IT,Arezzo,121439,3
98,RO,Argeş,151287,4
99,CL,Arica,29624,1
100,TT,Arima,2946,1
101,US,Arkadelphia,33816,1
102,GB,Armagh,6257,1
103,US,AROOSTOOK,323091,2
104,CA,AROOSTOOK,55540,1
105,TR,Artvin,69220,2
106,IT,Ascoli Piceno,110642,3
107,NZ,Ashburton,1285,1
108,US,Asheville,114651,4
109,TM,Ashgabat,30791,1
110,US,ASHLAND,72176,1
111,US,Ashtabula,72183,1
112,US,ASOTIN,51002,1
113,IT,Asti,131201,3
114,GB,Aston Hill,105483,1
115,ES,Asturias,2415915,21
116,US,Athens,40668,1
117,US,ATHENS,382,1
118,US,Athens-Clarke County,95835,1
119,MX,Atitalaquia,53322,1
120,US,Atlanta-Sandy Springs-Marietta,579845,11
121,US,Atlantic City,133504,1
122,MX,Atlixco,1107,1
123,MX,Atotonilco de Tula,52489,1
124,FR,Aube,272338,3
125,GB,Auchencorth,160635,1
126,US,Augusta-Richmond County,151161,4
127,US,Augusta-Waterville,18176,2
128,PL,Augustów,115684,2
129,US,Austin-Round Rock,207055,12
130,PT,Aveiro,522602,4
131,IT,Avellino,37730,1
132,US,AVERY,18506,1
133,ES,Ávila,19735,1
134,TR,Aydın,74022,9
135,CL,Aysén,38057,1
136,MX,Azcapotzalco,36801,1
137,RO,Bacău,81531,3
138,HU,Bács-Kiskun,58221,1
139,ES,Badajoz,392605,4
140,ES,Badalona,79598,1
141,DE,Baden-Württemberg,1428069,39
142,CH,Baden-Württemberg,42100,1
143,NL,Badhoevedorp,205706,1
144,NO,Bærum,188247,3
145,IQ,Baghdad,34301,1
146,US,BAKER,45129,1
147,US,Bakersfield,442440,10
148,TR,Balıkesir,93328,4
149,NL,Balk,159306,1
150,GB,Ballymena,83045,1
151,US,BALTIMORE,50383,1
152,US,BALTIMORE (CITY),35801,1
153,US,Baltimore-Towson,492224,6
154,ML,Bamako,23787,1
155,GB,Banbridge,37124,1
156,ID,Bandung,5133,1
157,TH,Bangkok,1137991,72
158,US,Bangor,32722,1
159,US,BANNOCK,63129,1
160,SK,Banskobystrický kraj,766147,6
161,ME,Bar,29249,1
162,US,Baraboo,114338,1
163,HU,Baranya,164938,1
164,CO,Barbosa,68061,2
165,ES,Barcelona,911782,18
166,IT,Bari,458308,13
167,GB,Barking and Dagenham,63061,2
168,IT,Barletta-Andria-Trani,50800,2
169,GB,Barnsley,166939,1
170,US,Barnstable Town,37234,1
171,GB,Barnstaple,93053,1
172,NL,Barsbeek,159309,1
173,TR,Bartın,25751,1
174,CH,Basel-Landschaft,180972,1
175,CH,Basel-Stadt,107454,1
176,DE,Bas-Rhin,114679,1
177,FR,Bas-Rhin,417827,6
178,TR,Batman,8241,1
179,US,Baton Rouge,473105,9
180,BR,Bauru,46,1
181,TR,Bayburt,10189,1
182,US,Bay City,50794,1
183,DE,Bayern,2542093,51
184,AT,Bayern,145738,3
185,US,BEAUFORT,47595,1
186,US,Beaumont-Port Arthur,350112,10
187,US,BEAVER,9806,1
188,US,BEAVERHEAD,3785,1
189,US,BECKER,88031,1
190,CN,Beijing,82917,2
191,HU,Békéscsaba,8425,1
192,GB,Belfast,363885,2
193,US,Bellingham,74237,2
194,CO,Bello,34209,1
195,IT,Belluno,94107,3
196,US,BELMONT,128736,1
197,PL,Belsk Duży,100132,1
198,US,BELTRAMI,46628,1
199,US,Bend,59552,5
200,AU,Bendigo,15862,1
201,IT,Benevento,56863,1
202,US,BENEWAH,92437,2
203,MX,Benito Juárez,32052,1
204,US,Bennington,100808,1
205,US,BENTON,13793,2
206,RS,Beočin,8880,1
207,RS,beograd,10195,1
208,RS,Beograd,215006,23
209,RS,Beograd Banovo brdo,12265,1
210,RS,Beograd Danijelova,3762,1
211,RS,Beograd-Leštane,8806,1
212,RS,Beograd-Mladenovac,8784,1
213,RS,Beograd Obrenovac Ušće,8011,1
214,RS,Beograd Topčiderska Zvezda,9221,1
215,ES,Berga,19647,1
216,NO,Bergen,665858,5
217,US,BERKELEY,18158,1
218,US,BERKS,43865,1
219,US,BERKSHIRE,100963,3
220,US,Berlin,25756,1
221,DE,Berlin,705920,15
222,CH,Bern,179296,1
223,US,BERNALILLO,15712,2
224,NL,Beverwijk West,101610,1
225,GB,Bexley,320834,4
226,PL,Biała,71705,1
227,PL,Biała Podlaska,161687,1
228,PL,Białystok,295690,4
229,US,BIBB,5900,1
230,NL,Biddinghuizen,159299,1
231,IT,Biella,136761,3
232,PL,Bielsko-Biała,241494,2
233,NL,Biest Houtakker,211269,1
234,US,BIG HORN,49575,1
235,RO,Bihor,27237,1
236,ME,Bijelo Polje,27854,1
237,TR,Bilecik,87691,2
238,GB,Billingham,45415,1
239,TR,Bingöl,7232,1
240,NO,Birkenes,54404,1
241,US,Birmingham-Hoover,603969,10
242,KG,Bishkek,35006,1
243,US,Bishop,880706,15
244,US,Bismarck,46679,1
245,RO,Bistriţa-Năsaud,48043,1
246,TR,Bitlis,8134,1
247,MK,Bitola Municipality,402864,2
248,ES,Bizkaia,903643,13
249,GB,Blackburn,47624,1
250,US,BLAINE,45008,1
251,SE,Blekinge,24318,1
252,US,Bloomington,69319,3
253,US,Bloomington-Normal,87217,1
254,NO,Bodø,86128,1
255,US,BOISE,97395,2
256,US,Boise City-Nampa,239789,2
257,ZA,Bojanala Platinum,145291,5
258,US,BOLIVAR,66418,1
259,IT,Bologna,205584,7
260,TR,Bolu,88553,3
261,IT,Bolzano/Bozen,295318,9
262,US,BONNER,101146,2
263,US,BOONE,7728,1
264,RS,Bor,8690,2
265,RS,Bor Krivelj,1906,1
266,PL,Borówiec,144832,2
267,RS,Borski upravni okrug,44448,1
268,RS,Bor Slatina,2216,1
269,HU,Borsod-Abaúj-Zemplén,296987,3
270,PL,Borsukowizna,159144,1
271,US,Boston-Cambridge-Quincy,835458,17
272,NL,Botlek,21202,1
273,RO,Botoşani,54757,1
274,FR,Bouches-du-Rhône,1511744,22
275,US,Boulder,43908,2
276,US,BOULDER,40587,1
277,US,BOUNDARY,79400,3
278,GB,Bournemouth,147951,1
279,US,Bowling Green,71207,1
280,US,BOX ELDER,7138,1
281,GB,Bradford,3290,1
282,US,BRADFORD,85373,1
283,PT,Braga,206709,3
284,RO,Brăila,116312,3
285,US,Brainerd,85796,1
286,DE,Brandenburg,1098689,22
287,PL,Brandenburg,63831,1
288,RS,Braničevski upravni okrug,44542,1
289,RO,Braşov,75374,3
290,SK,Bratislavský kraj,620710,4
291,NL,Breda,370653,2
292,DE,Bremen,587045,8
293,GB,Brent,154111,4
294,NL,Breukelen,211350,1
295,US,BREWSTER,57631,1
296,XK,Brezovica,4153,1
297,US,Bridgeport-Stamford-Norwalk,355046,5
298,AU,Bright,9312,1
299,GB,Brighton,126877,1
300,GB,Brighton and Hove,34151,1
301,IT,Brindisi,230602,7
302,GB,Bristol,12586,1
303,US,BRISTOL,40040,1
304,CA,BRITISH COLUMBIA,3852452,48
305,HR,Brodsko-posavska,155121,1
306,GB,Bromley,48196,1
307,US,BROOKINGS,128821,1
308,US,BROWN,50008,1
309,US,Brownsville-Harlingen,12988,1
310,NO,Brumunddal,3188,1
311,US,Brunswick,62621,1
312,BE,Brussels-Capital Region,314878,10
313,PL,Brzeg,35587,1
314,RO,Bucureşti,304180,6
315,HU,Budapest,647228,5
316,HU,Budapest Budatétény,8192,1
317,HU,Budapest Csepel,5263,1
318,HU,Budapest Erzsébet tér,8518,1
319,HU,Budapest Gergely utca,6337,1
320,HU,Budapest Gilice tér,11404,1
321,HU,Budapest Honvéd,7331,1
322,HU,Budapest Káposztásmegyer,2266,1
323,HU,Budapest Kőrakás park,12630,1
324,HU,Budapest Kosztolányi D. tér,6452,1
325,LA,Bueng Kan,30795,2
326,AR,Buenos Aires,173566,6
327,US,Buffalo-Niagara Falls,146304,4
328,TR,Burdur,33083,2
329,AT,Burgenland,376443,3
330,SK,Burgenland,106209,1
331,ES,Burgos,476208,5
332,TH,Buriram,47454,1
333,US,BURKE,38044,1
334,US,Burlington-South Burlington,326661,2
335,TR,Bursa,291823,9
336,GB,Bury,101701,1
337,GB,Bush Estate,107184,1
338,US,BUTLER,188527,5
339,US,BUTTE,318766,3
340,RO,Buzău,50708,1
341,PL,Bydgoszcz,186139,2
342,US,CA8 - ARB,46,3
343,NL,Cabauw,293437,1
344,US,CABELL,15059,1
345,RS,Čačak ,13620,1
346,ES,Cáceres,301751,3
347,US,CACHE,155496,1
348,MX,Cadereyta Jiménez,50278,1
349,US,Cadillac,143302,1
350,ES,Cádiz,2414871,24
351,IT,Cagliari,229878,6
352,MK,Cair Municipality,145752,1
353,CL,Calama,561885,7
354,US,CALAVERAS,89827,1
355,CO,Caldas,57307,1
356,MX,Calimaya,26108,1
357,MX,Calpulalpan,719,1
358,FR,Calvados,434420,4
359,US,Cambridge,29058,1
360,GB,Cambridge,48877,1
361,BR,Campinas,108213,3
362,IT,Campobasso,21642,3
363,TR,Çanakkale,83316,2
364,AU,Canberra,398146,3
365,TR,Çankırı,25406,1
366,ES,Cantabria,665980,9
367,FR,Cantal,191753,2
368,GB,Canterbury,115432,1
369,US,Canton-Massillon,142143,4
370,US,CANYON,7627,1
371,US,Cape Coral-Fort Myers,39481,1
372,ZA,Cape Winelands,77238,3
373,ZA,Capricorn,38673,1
374,BR,Carapicuíba,49029,1
375,RO,Caraş-Severin,114050,3
376,US,CARBON,114916,1
377,GB,Cardiff,262308,1
378,US,CARIBOU,67047,2
379,US,Carlsbad-Artesia,90869,1
380,US,CARLTON,81311,1
381,US,CARSON CITY,91084,1
382,US,CARTER,41472,1
383,US,CASCADE,47328,1
384,IT,Caserta,152490,3
385,US,Casper,113768,1
386,US,CASS,39613,1
387,ES,Castellón/Castelló,1625608,18
388,PT,Castelo Branco,161803,1
389,US,CASWELL,30365,1
390,BR,Catanduva,50590,1
391,PR,CATANO,36228,1
392,IT,Catanzaro,68456,1
393,CL,Catemu,145069,3
394,CL,Cauquenes,29963,1
395,CN,Causeway Bay,200418,1
396,SI,CE bolnica,41565,1
397,US,CEDAR,80990,1
398,US,Cedar Rapids,224784,4
399,MX,Celaya,84666,3
400,SI,CE Ljubljanska,15432,1
401,MK,Centar Municipality,123608,1
402,CN,Central,195929,1
403,AU,Central Coast,242928,1
404,FI,Central Ostrobothnia,64760,1
405,AU,Central Queensland,215625,5
406,GB,Central Scotland,137932,1
407,AU,Central Tablelands,123138,2
408,CN,Central & Western,170514,1
409,BR,Cerqueira César,68390,1
410,CL,Cerrillos,7916,1
411,CL,Cerro Navia,214391,1
412,TH,Chachoengsao,157134,1
413,TH,Chainat,1073,1
414,TH,Chaiyaphum,7470,2
415,MX,Chalco,14222,1
416,US,Chambersburg,43852,1
417,US,CHAMPAIGN,46569,1
418,US,Champaign-Urbana,145855,2
419,TH,Chanthaburi,41230,1
420,FR,Charente,265370,2
421,FR,Charente-Maritime,377032,3
422,US,CHARLESTON,14996,1
423,US,Charleston-North Charleston,270544,2
424,US,Charlotte-Gastonia-Concord,433581,7
425,US,Charlottesville,78749,1
426,GB,Charlton,122953,1
427,GB,Chatham,8353,1
428,US,Chattanooga,118733,7
429,US,CHAUTAUQUA,37878,1
430,US,CHELAN,96652,2
431,PL,Chełm,32567,2
432,CN,Chengdu,34316,1
433,IN,Chennai,5582,1
434,GB,Chepstow,156049,1
435,FR,Cher,344913,3
436,GB,Chesterfield,317468,2
437,US,CHESTERFIELD,70435,1
438,US,Cheyenne,292549,4
439,TH,Chiang Mai,145126,6
440,TH,Chiang Mai Province,2,1
441,TH,Chiang Rai,167735,1
442,MM,Chiang Rai,86754,1
443,LA,Chiang Rai,4004,1
444,US,Chicago-Naperville-Joliet,1541271,32
445,US,Chico,46604,3
446,CN,Chico,4,1
447,IT,Chiesanuova,25208,1
448,CL,Chiguayante,166250,1
449,MX,Chihuahua,83680,3
450,CL,Chillán,199246,2
451,PL,Chojnice,36632,1
452,TH,Chon buri,31160,1
453,TH,Chon Buri,41383,1
454,NZ,Christchurch,5407,2
455,US,CHRISTIAN,11890,1
456,AU,Churchill,24909,1
457,US,CHURCHILL,48457,1
458,PL,Ciechocinek,83510,1
459,PL,Cieszyn,17159,1
460,US,Cincinnati-Middletown,959823,10
461,ZA,City of Cape Town,241380,13
462,ZA,City  of  Ekurhuleni,202251,10
463,ZA,City of Johannesburg,342773,9
464,GB,City of London,89801,6
465,US,City of The Dalles,3862,1
466,ZA,City of Tshwane,202054,10
467,ES,Ciudad Real,345298,3
468,IT,Civitavecchia,469319,8
469,US,CLACKAMAS,17058,2
470,US,CLAIBORNE,34398,1
471,US,CLARK,549796,9
472,US,Clarksville,31030,1
473,US,CLAY,21433,2
474,US,Cleveland-Elyria-Mentor,834138,11
475,US,Clinton,142113,2
476,US,CLINTON,29419,1
477,RO,Cluj,82815,4
478,MX,Coatzacoalcos,16083,1
479,CL,Cochrane,4059,1
480,US,COCONINO,41359,1
481,US,CODINGTON,105162,1
482,US,COFFEE,2627,1
483,PT,Coimbra,224988,3
484,US,College Station-Bryan,7034,1
485,US,Colorado Springs,228238,4
486,US,Columbia,368848,6
487,US,COLUMBIA,55237,2
488,US,Columbus,611588,11
489,US,COLUSA,85176,1
490,GN,Conakry,26713,1
491,CL,Concón,459868,5
492,US,Concord,28584,1
493,RO,Constanţa,163953,6
494,ES,Constantí,64523,1
495,US,CONVERSE,168502,1
496,US,COOK,43738,1
497,US,Cookeville,40895,1
498,US,COOS,23237,2
499,CO,Copacabana,34334,1
500,CL,Copiapó,225041,5
501,CL,Coquimbo,102863,2
502,ES,Córdoba,401013,5
503,IE,Cork City,129283,2
504,US,Corning,46256,1
505,MX,Coronango,35706,1
506,CL,Coronel,131150,2
507,US,Corpus Christi,59998,4
508,MX,Corregidora,16945,1
509,FR,Corrèze,268641,2
510,FR,Corse-du-Sud,333051,3
511,US,Corsicana,91297,1
512,TR,Çorum,149863,3
513,IT,Cosenza,107129,2
514,FR,Côte-d'Or,303945,3
515,FR,Côtes-d'Armor,117541,1
516,TT,Couva,3647,1
517,RO,Covasna,6743,1
518,GB,Coventry,193806,1
519,CL,Coyhaique,332389,2
520,MX,Coyoacán,74566,2
521,FR,Creuse,171555,2
522,SI,Črna na Koroškem,37,1
523,GB,Crompton Way   OL2 8AQ,42904,1
524,GB,Croydon,43088,3
525,MX,Cuajimalpa de Morelos,12922,1
526,MX,Cuautitlán Izcalli,29832,1
527,MX,Cuautla,17918,1
528,BR,Cubatão,52240,1
529,ES,Cubelles,53649,1
530,ES,Cuenca,109066,1
531,MX,Cuernavaca,44328,1
532,US,CUMBERLAND,8638,1
533,IT,Cuneo,184118,5
534,CL,Curanilahue,42964,1
535,CL,Curicó,102776,1
536,US,CUSTER,143855,2
537,US,CUYAHOGA,94709,2
538,PL,Czerniawa,7277,1
539,PL,Czerwionka-Leszczyny,34768,1
540,PL,Częstochowa,260602,2
541,PL,Dąbrowa Górnicza,203495,1
542,US,DAKOTA,164717,1
543,SE,Dalarna,51410,1
544,US,Dallas-Fort Worth-Arlington,930931,19
545,US,Dalton,33722,1
546,RO,Dâmboviţa,38114,1
547,US,Daphne-Fairhope,31548,1
548,XK,Dardhishtë,4870,1
549,GB,Dartford,51737,3
550,US,Davenport-Moline-Rock Island,381048,4
551,US,DAWSON,604,1
552,US,Dayton,229277,5
553,PL,Dębica,5497,1
554,HU,Debrecen Hajnal u.,5099,1
555,HU,Debrecen Klinika,4877,1
556,US,Decatur,84140,2
557,US,DE KALB,38317,2
558,US,DEL NORTE,8181,2
559,US,Deltona-Daytona Beach-Ormond Beach,81564,1
560,US,Deming,43416,1
561,NL,Den Haag,477897,3
562,TR,Denizli,107172,6
563,US,DENVER,99485,2
564,US,Denver-Aurora,1115316,9
565,GB,Derby,44506,1
566,NL,De Rijp,65424,1
567,GB,Derry,255580,1
568,US,DESCHUTES,103747,4
569,US,Des Moines,90616,1
570,US,Detroit-Warren-Livonia,1136008,13
571,FR,Deux-Sèvres,158059,1
572,US,DEWEY,134068,1
573,NL,De Zilk,263362,1
574,SA,Dharan,27,1
575,PL,Diabla Góra,100130,1
576,BR,Diadema,31150,1
577,US,Dickinson,70134,1
578,LU,Diekirch,161295,2
579,MX,DISTRITO FEDERAL,1338814,10
580,TR,Diyarbakır,8152,1
581,US,DODGE,218615,1
582,US,Dodge City,36944,1
583,RO,Dolj,109219,4
584,US,DONA ANA,39334,1
585,GB,Doncaster,44454,1
586,US,DOOR,24227,1
587,US,DORCHESTER,162012,1
588,FR,Dordogne,19877,1
589,NL,Dordrecht,11268,1
590,HU,Dorog,7320,1
591,CH,Doubs,101244,2
592,FR,Doubs,386082,5
593,US,DOUGLAS,78216,3
594,US,Dover,110839,2
595,NO,Drammen,69599,2
596,XK,Drenas,70623,2
597,ZA,Dr Kenneth Kaunda,63840,4
598,FR,Drôme,608157,4
599,IE,Dublin City,506942,7
600,US,DuBois,40652,1
601,US,DUBOIS,4931,1
602,US,DUCHESNE,263840,2
603,US,Duluth,104403,3
604,GB,Dumbarton,46837,1
605,GB,Dumfries,43496,1
606,HU,Dunaújváros,11801,1
607,IE,Dunlaoghaire-Rathdown,124801,2
608,US,DUNN,181407,1
609,MX,Durango,36436,3
610,US,Durango,279266,2
611,US,Durham,335053,3
612,TJ,Dushanbe,30756,1
613,US,DUVAL,19560,2
614,TR,Düzce,57040,3
615,US,Dyersburg,41098,1
616,CZ,Działoszyn,53292,1
617,PL,Dzierżoniów,50296,1
618,US,Eagle Pass,18561,1
619,GB,Ealing,137758,3
620,GB,Eastbourne,2543,1
621,CN,Eastern,170520,1
622,US,East Stroudsburg,56744,1
623,US,EAU CLAIRE,97676,1
624,MX,Ecatepec de Morelos,43077,3
625,US,EDDY,20877,1
626,GB,Edinburgh,258851,1
627,TR,Edirne,153244,3
628,US,Effingham,35382,1
629,HU,Eger 2 Malomárok u.,9901,1
630,NL,Eibergen,211364,1
631,NL,Eindhoven,266554,2
632,TR,Elazığ,8487,1
633,PL,Elbląg,243456,1
634,CL,El Bosque,244023,1
635,US,El Centro,459299,5
636,US,Elizabethtown,66372,1
637,PL,Ełk,167671,1
638,US,Elkhart-Goshen,76778,4
639,US,ELKO,36247,1
640,US,Ellensburg,49765,1
641,US,El Paso,369409,6
642,MX,El Salto,18807,1
643,NO,Elverum,126526,1
644,HU,EMI mobil 1,10371,1
645,HU,EMI mobil 2,12109,1
646,GB,Enfield,84122,4
647,DE,Enschede,52049,1
648,CO,Envigado,34311,1
649,US,Erie,94558,1
650,US,ERIE,62397,2
651,TR,Erzincan,87262,2
652,TR,Erzurum,263729,5
653,FR,Escaldes-Engordany,253869,2
654,GB,Eskdalemuir,80359,1
655,TR,Eskişehir,100458,5
656,US,ESSEX,70481,1
657,FR,Essonne,364429,5
658,ZA,eThekwini Metro,55285,4
659,US,Eugene-Springfield,331218,12
660,FR,Eure,238767,3
661,FR,Eure-et-Loir,391550,4
662,US,Evansville,258456,12
663,PT,Évora,173811,1
664,GB,Exeter,95213,1
665,US,Fairbanks,286896,3
666,US,FAIRFAX,4727,1
667,US,Fargo,35282,1
668,HU,Farkasfa,6989,1
669,US,Farmington,397722,3
670,AU,Far North Queensland,8068,1
671,PT,Faro,495991,4
672,US,Fayetteville,113510,2
673,US,Fayetteville-Springdale-Rogers,5172,1
674,HU,Fejér,229282,1
675,US,FERGUS,142846,1
676,IT,Ferrara,190194,5
677,ZA,Fezile Dabi,188984,4
678,NL,Fijnaart,8451,1
679,IE,Fingal,45823,1
680,FR,Finistère,152768,2
681,IT,Firenze,234366,7
682,US,FLAGLER,41070,1
683,US,Flagstaff,87516,2
684,US,FLATHEAD,100804,2
685,US,Flint,116768,2
686,US,Florence,77355,2
687,PL,Florianka,8067,1
688,IT,Foggia,131263,4
689,US,Fond du Lac,26684,1
690,US,FOREST,127409,1
691,IT,Forli'-Cesena,135559,5
692,US,Fort Collins-Loveland,141150,2
693,US,Fort Smith,107236,1
694,US,Fort Walton Beach-Crestview-Destin,8954,1
695,US,Fort Wayne,44511,2
696,GB,Fort William,105553,1
697,US,FRANKLIN,114208,3
698,NO,Fredrikstad,231206,2
699,CL,Freirina,87995,3
700,FR,French Guiana,218457,2
701,US,Fresno,358296,6
702,US,FRESNO,466487,5
703,IT,Frosinone,556653,11
704,US,FS1 - Forest Service,3,1
705,US,Gadsden,45705,2
706,US,GAGE,8787,1
707,US,Gainesville,76276,2
708,PL,Gajew,130460,1
709,RO,Galaţi,167614,4
710,US,GALLATIN,150004,2
711,US,GALLIA,43399,1
712,ES,Gandesa,27542,1
713,MX,García,70750,2
714,FR,Gard,366085,4
715,IS,Garðabær,276,1
716,ZA,Garden Route,14959,1
717,US,GARFIELD,123614,4
718,US,GARRETT,234967,1
719,ES,Gavà,62503,1
720,TR,Gaziantep,88023,6
721,MK,Gazi Baba Municipality,160639,1
722,US,GBU,13018,17
723,PL,Gdańsk,474822,3
724,PL,Gdynia,313634,2
725,AU,Geelong,110008,1
726,MX,General Escobedo,38468,1
727,FR,Genève,322447,3
728,IT,Genova,333415,12
729,NZ,Geraldine,1226,1
730,FR,Gers,198246,2
731,ZA,Gert Sibande,450551,19
732,US,Gettysburg,117850,2
733,AE,Ghiyathi,11612,1
734,US,GILA,198498,4
735,US,GILES,18373,1
736,US,Gillette,28855,2
737,US,GILPIN,22035,1
738,ES,Gipuzkoa,523320,7
739,TR,Giresun,104326,2
740,ES,Girona,86057,2
741,FR,Gironde,704564,7
742,RO,Giurgiu,117917,4
743,XK,Gjilan,3074,2
744,NO,Gjøvik,126985,1
745,US,GLACIER,3817,1
746,AU,Gladstone,375091,8
747,GB,Glasgow,273206,4
748,GB,Glazebury,122066,1
749,US,GLENN,135199,1
750,PL,Gliwice,7608,1
751,PL,Głubczyce,17775,1
752,PL,Goczałkowice-Zdrój,154693,1
753,PL,Gołdap,161079,1
754,PL,Gołuchów,100895,1
755,MX,Gómez Palacio,21720,2
756,RO,Gorj,138919,3
757,ME,Gornje Mrke,13463,1
758,PL,Gorzów Wielkopolski,223672,1
759,US,GOSHEN,12521,1
760,RS,Grad Beograd,536748,4
761,HR,Grad Zagreb,240048,2
762,US,GRAHAM,36554,1
763,BR,Grajaú-Parelheiros,56935,1
764,PL,Grajewo,92879,1
765,ES,Granada,613767,5
766,US,Granbury,46148,1
767,US,GRAND,20079,1
768,US,Grand Island,20432,1
769,US,Grand Junction,111074,2
770,US,Grand Rapids-Wyoming,252497,2
771,GB,Grangemouth,55884,2
772,PL,Granica,4753,1
773,ES,Granollers,60619,1
774,US,GRANT,141568,7
775,US,Grants Pass,46037,1
776,US,GRANVILLE,3250,1
777,US,Greeley,136885,2
778,US,Green Bay,135347,3
779,US,GREENBRIER,24126,1
780,US,GREENE,120150,2
781,US,Greensboro-High Point,109203,2
782,US,Greenville,225171,3
783,GB,Greenwich,350225,9
784,NO,Grenland,312254,4
785,DE,Grevenmacher,189044,1
786,NL,Groningen,318619,2
787,IT,Grosseto,79007,2
788,PL,Grudziądz,109558,1
789,IS,Grundartangi,129551,2
790,MX,Guadalajara,75946,2
791,ES,Guadalajara,200627,2
792,MX,Guadalupe,49110,1
793,MX,Guanajuato,6722,1
794,MX,GUANAJUATO,2091620,18
795,CN,Guangzhou,51648,1
796,BR,Guaratinguetá,45211,1
797,BR,Guarulhos,54133,2
798,GT,Guatemala City,45792,1
799,ES,"Guiamets, els",25094,1
800,US,Gulfport-Biloxi,157334,2
801,TR,Gümüşhane,13646,1
802,US,GUNNISON,34005,1
803,MX,Gustavo A. Madero,415,1
804,PL,Guty Duże,146506,1
805,HU,Győr 2 Ifjúság,4018,1
806,HU,Gyor-Moson-Sopron,652890,4
807,NL,Haarlem,159304,1
808,AE,Habshan,10921,1
809,GB,Hackney,35080,2
810,IS,Hafnarfjörður,102921,3
811,US,Hagerstown-Martinsburg,111438,2
812,BE,Hainaut,354641,7
813,HU,Hajdú-Bihar,202485,1
814,TR,Hakkari,8509,1
815,CA,Halifax,13429,1
816,SE,Halland,95453,2
817,NO,Hamar,134292,1
818,DE,Hamburg,464398,12
819,US,HAMILTON,75050,4
820,US,HAMPDEN,117222,1
821,US,HANCOCK,51085,3
822,US,Hanford-Corcoran,109197,2
823,MK,Hani i Elezit,72209,1
824,VN,Hanoi,163,1
825,RO,Harghita,43315,1
826,GB,Haringey,20689,1
827,US,HARNEY,44988,1
828,US,Harriman,41538,1
829,US,Harrisburg-Carlisle,181904,3
830,US,Harrison,37458,1
831,US,Harrisonburg,147164,1
832,GB,Harrow,35669,1
833,US,Hartford-West Hartford-East Hartford,440296,3
834,TR,Hatay,124604,5
835,US,Hattiesburg,51297,1
836,FR,Haute-Corse,506528,4
837,FR,Haute-Garonne,873171,12
838,FR,Haute-Loire,100841,1
839,FR,Haute-Marne,163520,1
840,FR,Hautes-Alpes,315668,3
841,FR,Haute-Saône,102713,1
842,FR,Haute-Savoie,904297,7
843,IT,Haute-Savoie,197394,2
844,FR,Hautes-Pyrénées,160508,2
845,FR,Haute-Vienne,313194,4
846,FR,Haut-Rhin,612750,8
847,CH,Haut-Rhin,95527,1
848,DE,Haut-Rhin,44801,1
849,FR,Hauts-de-Seine,302109,3
850,GB,Havering,72145,2
851,US,HAWAII,169985,6
852,US,HAYS,2244,1
853,US,HAYWOOD,62356,2
854,NL,Heerlen,222612,2
855,US,Helena,3782,1
856,NL,Hellendoorn,159310,1
857,US,HENDERSON,13143,1
858,US,HENNEPIN,82394,2
859,FR,Hérault,691004,9
860,HU,Hernádszurdok,12394,1
861,DE,Hessen,1602153,35
862,US,Hickory-Lenoir-Morganton,35619,2
863,GB,High Muffles,120331,1
864,US,HILL,3703,1
865,US,Hilo,426514,5
866,CZ,Hlavní město Praha,1377513,12
867,US,Hobbs,128803,1
868,VN,Ho Chi Minh City,53467,1
869,NL,Hoek v. Holland,221001,1
870,US,Holland-Grand Haven,64016,1
871,US,HOLMES,83003,1
872,US,Homosassa Springs,82334,1
873,CN,Hong Kong,91001,1
874,GB,Honiton,75930,1
875,US,Honolulu,495586,3
876,US,HOOD RIVER,21677,1
877,NL,Hoofddorp,140959,1
878,NL,Hoogvliet,206385,1
879,GB,Horsham,10836,1
880,HU,Hortobágy,3304,1
881,ES,"Hospitalet de Llobregat, l'",48690,1
882,US,Houma-Bayou Cane-Thibodaux,97478,1
883,US,Houston-Sugar Land-Baytown,1038804,22
884,DK,Hovedstaden,394336,3
885,US,HOWARD,196831,1
886,SI,Hrastnik,21869,1
887,CL,Hualqui,186345,1
888,CL,Huasco,340257,9
889,ES,Huelva,1510932,17
890,ES,Huesca,159752,3
891,US,HUGHES,41769,1
892,MX,Huichapan,40473,1
893,NL,Huijbergen,159298,1
894,GB,Hull,244213,1
895,US,HUMBOLDT,47643,1
896,RO,Hunedoara,94903,2
897,US,Huntington-Ashland,69393,3
898,US,Huntsville,69248,1
899,NO,Hurdal,47554,1
900,US,HURON,3146,1
901,IS,Húsavík,26003,2
902,MD,Iaşi,20803,1
903,RO,Iaşi,103958,3
904,US,IDAHO,114121,3
905,US,Idaho Falls,20264,1
906,TR,Iğdır,97862,2
907,ES,Igualada,1650,1
908,NL,IJmuiden,256531,1
909,RO,Ilfov,160734,2
910,MK,Ilinden Municipality,203845,1
911,AU,Illawarra,408819,2
912,FR,Ille-et-Vilaine,139981,2
913,NG,Ilorin,1132,1
914,IT,Imperia,41846,1
915,IN,India,170387,4
916,US,Indiana,61706,1
917,US,Indianapolis,576863,14
918,FR,Indre,226515,3
919,FR,Indre-et-Loire,305857,4
920,PL,Inowrocław,91272,1
921,GB,Inverness,9821,1
922,US,INYO,61315,5
923,US,Iowa City,37451,3
924,MX,Irapuato,90114,3
925,US,IRON,170869,2
926,FR,Isère,1376563,12
927,IT,Isernia,2378,1
928,SI,Iskrba,16991,1
929,PK,Islamabad,34592,1
930,GB,Islington,61036,2
931,TR,Isparta,21168,1
932,TR,İstanbul,349821,10
933,HR,Istarska,82244,1
934,CO,Itagüí,105293,2
935,US,Ithaca,35776,1
936,TR,İzmir,526389,22
937,MX,Iztacalco,18046,1
938,MX,Iztapalapa,63540,2
939,BR,Jacareí,32648,1
940,US,Jackson,394994,5
941,US,JACKSON,207177,3
942,US,Jacksonville,471350,6
943,ES,Jaén,371508,4
944,MX,JALISCO,170179,7
945,SE,Jämtland,63067,1
946,PL,Janów Lubelski,23346,1
947,PL,Jarczew,21588,1
948,PL,Jarosław,68082,1
949,PL,Jasło,149097,1
950,PL,Jastrzębie-Zdrój,20455,1
951,BR,Jaú,46,1
952,PL,Jedlicze,7254,1
953,PL,Jedlina-Zdrój,15771,1
954,US,JEFFERSON,193066,5
955,US,Jefferson City,33649,1
956,PL,Jelenia Góra,242717,1
957,US,JERSEY,67315,1
958,CZ,Jihočeský,556199,5
959,AT,Jihočeský,83621,1
960,CZ,Jihomoravský,880802,7
961,US,JO DAVIESS,34746,1
962,US,JOHNSON,116144,1
963,US,JOHNSTON,18443,1
964,US,Johnstown,90024,1
965,US,Joplin,80863,2
966,US,JOSEPHINE,45235,1
967,US,Juárez,3839,1
968,MX,Juárez,55910,3
969,US,JUNEAU,71364,1
970,ES,Juneda,56458,1
971,FR,Jura,350891,5
972,RS,Južnobački upravni okrug,164916,2
973,RS,Južnobanatski upravni okrug,44590,1
974,AF,Kabul,14325,1
975,TR,Kahramanmaraş,61047,2
976,US,Kahului-Wailuku,40148,1
977,NZ,Kaiapoi,1256,1
978,US,Kalamazoo-Portage,82724,1
979,TH,Kalasin,7319,2
980,US,Kalispell,49628,1
981,PL,Kalisz,19378,2
982,PL,Kamień Pomorski,24893,1
983,TH,Kamphaeng Phet,38913,1
984,US,KANAWHA,50016,1
985,TH,Kanchanaburi,46395,1
986,IN,Kanpur,546,1
987,US,Kansas City,994727,11
988,HU,Kaposvár,11032,1
989,TR,Karabük,69133,3
990,TR,Karaman,37088,2
991,CZ,Karlovarský,356184,3
992,AT,Kärnten,910033,14
993,CZ,Karpacz,2808,1
994,MK,Karpos Municipality,161726,1
995,TR,Kars,172445,2
996,NO,Kårvatn,42037,1
997,TR,Kastamonu,37459,2
998,PL,Kaszów,70342,1
999,NP,Kathmandu,99957,1
1000,PL,Katowice,305480,2
1001,LT,Kaunas,197909,4
1002,MK,Kavadarci Municipality,192528,1
1003,TR,Kayseri,88690,6
1004,PL,Kazimierza Wielka,40518,1
1005,HU,Kazincbarcika,12590,1
1006,AU,Kealba,17494,1
1007,HU,Kecskemét,12105,1
1008,PL,Kędzierzyn-Koźle,241253,1
1009,US,Keene,89143,1
1010,CA,Kelowna,2080,1
1011,US,Kennewick-Richland-Pasco,186124,3
1012,US,KENOSHA,29676,1
1013,US,KENT,89704,1
1014,US,KERN,69602,3
1015,PL,Kętrzyn,15049,1
1016,SD,Khartoum,42566,2
1017,TH,Khon Kaen,124978,1
1018,MK,Kicevo Municipality,184901,1
1019,PL,Kielce,100284,3
1020,TR,Kilis,22529,1
1021,IE,Kilkenny,68713,1
1022,US,Killeen-Temple-Fort Hood,85656,2
1023,US,KING,62412,2
1024,ZA,King Cetshwayo,160306,10
1025,US,Kingsport-Bristol-Bristol,240487,7
1026,GB,Kingston,83155,3
1027,AU,Kingsville,2,1
1028,US,Kinston,25877,1
1029,US,KIOWA,10863,1
1030,TR,Kırıkkale,42775,2
1031,TR,Kırklareli,80453,3
1032,TR,Kırşehir,25488,1
1033,LT,Klaipeda,109734,2
1034,US,KLAMATH,34624,2
1035,US,Klamath Falls,45594,1
1036,PL,Kłodzko,138348,1
1037,US,KNOX,40064,2
1038,US,Knoxville,389599,9
1039,TR,Kocaeli,627689,13
1040,MK,Kocani Municipality,191688,1
1041,US,Kokomo,41879,1
1042,NL,Kollumerwaard,260223,1
1043,RS,Kolubarski upravni okrug,67088,1
1044,HU,Komárom-Esztergom,383163,2
1045,HU,Komló,6153,1
1046,PL,Koniczynka,91880,1
1047,PL,Konin,147414,2
1048,PL,Konstancin-Jeziorna,103331,2
1049,TR,Konya,149498,10
1050,US,KOOTENAI,25609,1
1051,IS,Kópavogur,64732,2
1052,PL,Kościan,6426,1
1053,PL,Kościerzyna,160561,1
1054,SK,Košický kraj,749212,7
1055,RS,Kosjerić,13516,1
1056,PL,Koszalin,199437,2
1057,ME,Kotor,19942,1
1058,CN,Kowloon,539484,3
1059,PL,Koziegłowy,171720,1
1060,HU,K-Puszta,12107,1
1061,PL,Kraków,743445,8
1062,RS,Kraljevo,9610,1
1063,CZ,Královéhradecký,420747,5
1064,SI,Kranj,17656,1
1065,SI,Krapinsko-zagorska,180742,1
1066,PL,Krapkowice,45725,1
1067,PL,Krempna,103026,1
1068,SE,Kronoberg,24112,1
1069,PL,Krosno,40295,1
1070,PL,Krzyżówka,105513,2
1071,MK,Kumanovo Municipality,193178,1
1072,TR,Kütahya,105566,4
1073,PL,Kutno,84593,2
1074,FI,Kymenlaakso,231226,1
1075,US,Laconia,50110,1
1076,US,La Crosse,71166,1
1077,GB,Ladybower,156661,1
1078,CO,La Estrella,34410,1
1079,US,Lafayette,163115,5
1080,CL,La Florida,242986,1
1081,PL,Łagów,7536,1
1082,US,La Grande,67705,2
1083,CL,Laja,92790,1
1084,US,LAKE,128974,2
1085,US,Lake Charles,99462,3
1086,US,Lake City,81428,1
1087,US,Lake Havasu City-Kingman,40890,1
1088,US,Lakeland,195369,2
1089,GB,Lambeth,98365,3
1090,TH,Lampang,310022,4
1091,TH,Lamphun,82308,2
1092,US,Lancaster,181651,2
1093,FR,Landes,363303,3
1094,US,Lansing-East Lansing,140870,1
1095,IE,Laois,156059,2
1096,US,LA PAZ,117548,1
1097,FI,Lapland,253536,3
1098,IT,L'Aquila,60451,1
1099,US,Laramie,48225,2
1100,US,Laredo,19045,1
1101,MX,Laredo,39095,1
1102,US,LARIMER,113623,2
1103,ES,La Rioja,486055,5
1104,CL,Las Condes,7728,1
1105,US,Las Cruces,570295,8
1106,PL,Łask,70053,1
1107,IT,La Spezia,364426,10
1108,US,Las Vegas-Paradise,1518111,12
1109,US,LATAH,46824,2
1110,IT,Latina,439650,7
1111,CL,La Unión,39380,1
1112,US,Lawrenceburg,29861,4
1113,US,Lawton,132097,1
1114,RS,Lazarevac ,9285,1
1115,GB,Leamington Spa,372500,2
1116,PL,Łeba,34264,1
1117,US,Lebanon,109922,2
1118,US,LEBANON,46521,1
1119,PL,Lębork,121691,1
1120,IT,Lecce,247803,8
1121,GB,Leeds,413469,2
1122,AU,Le Fevre,25729,2
1123,PL,Legionowo,10975,1
1124,PL,Legnica,206807,1
1125,GB,Leicester,292821,2
1126,PT,Leiria,187730,1
1127,US,LEM,2660,18
1128,US,LEMHI,24553,1
1129,GB,Leominster,98316,1
1130,MX,León,44221,2
1131,ES,León,290852,5
1132,ZA,Lesedi Local Municipality,28,1
1133,CA,Lethbridge,7029,1
1134,US,LEWIS,46691,1
1135,US,LEWIS AND CLARK,107660,1
1136,GB,Lewisham,161644,5
1137,US,Lewiston,50783,1
1138,US,Lewiston-Auburn,79010,2
1139,US,Lexington-Fayette,85947,2
1140,CZ,Liberecký,368021,4
1141,US,LIBERTY,22891,1
1142,US,LICKING,26080,1
1143,HR,Licko-senjska,124777,1
1144,BE,Liege,358784,8
1145,NO,Lillehammer,276860,2
1146,NO,Lillestrøm,170037,2
1147,PE,Lima,1124120,10
1148,US,Lima,128151,1
1149,NL,Limburg,22549,1
1150,BE,Limburg,80681,3
1151,BR,Limeira,66476,1
1152,IE,Limerick,52917,1
1153,CL,Linares,50067,1
1154,US,Lincoln,69654,2
1155,US,LINCOLN,216450,5
1156,US,Lincolnton,18647,1
1157,PL,Liniewko Kościerskie,98458,1
1158,US,LINN,60916,2
1159,PT,Lisboa,1397560,15
1160,US,Little Rock-North Little Rock,137069,3
1161,GB,Liverpool,410888,2
1162,IT,Livorno,189041,4
1163,AE,Liwa,10982,1
1164,SI,LJ Bežigrad,41562,1
1165,SI,LJ Celovška,21831,1
1166,SI,LJ Vič,14948,1
1167,ES,Lleida,130271,3
1168,PL,Łódź,452551,3
1169,TH,Loei,68321,1
1170,FR,Loire,664432,5
1171,FR,Loire-Atlantique,1018120,15
1172,FR,Loiret,266156,3
1173,FR,Loir-et-Cher,141552,1
1174,MX,Lomas Lindas,26514,1
1175,PL,Łomża,103953,1
1176,GB,London,1910365,13
1177,US,Longview,97789,2
1178,TH,Lopburi,47156,1
1179,NO,Lørenskog,112917,1
1180,CL,Los Angeles,165710,2
1181,US,LOS ANGELES,214265,5
1182,US,Los Angeles-Long Beach-Santa Ana,1983000,13
1183,HR,Loški Potok,43432,1
1184,FR,Lot-et-Garonne,121596,1
1185,IE,Lough Navar,144019,1
1186,US,Louisville,899204,9
1187,AU,Lower Hunter,626544,3
1188,RS,Loznica,6738,1
1189,US,Lubbock,7299,1
1190,PL,Lublin,234527,1
1191,PL,Lubliniec,82151,1
1192,IT,Lucca,187816,6
1193,CH,Lucerne,87484,1
1194,ES,Lugo,362162,5
1195,PL,Łuków,7339,2
1196,GB,Lullington Heath,165676,1
1197,GB,Luton,41450,1
1198,BE,Luxembourg,241184,4
1199,LU,Luxemburg,612144,3
1200,PL,Lwówek Śląski,22930,1
1201,US,LYCOMING,23844,1
1202,US,LYON,48722,1
1203,NL,Maassluis,221005,1
1204,IT,Macerata,147516,2
1205,CL,Machalí,119073,3
1206,US,Macon,146950,1
1207,US,MACON,36318,1
1208,US,Madera,144648,2
1209,US,Madison,162848,3
1210,US,MADISON,153776,5
1211,ES,Madrid,3669791,47
1212,TH,Mae Hong Son,6470,2
1213,MM,Mae Hong Son,55717,1
1214,US,MAHONING,40496,1
1215,FR,Maine-et-Loire,338051,4
1216,ES,Málaga,476722,6
1217,TR,Malatya,8416,1
1218,PL,Malbork,156472,1
1219,US,MALHEUR,20717,1
1220,PL,Małogoszcz,66681,1
1221,US,MANATEE,39578,1
1222,FR,Manche,119992,1
1223,GB,Manchester,498871,3
1224,US,Manchester-Nashua,247154,2
1225,ZA,Mangaung  Metro,39778,1
1226,TR,Manisa,157639,9
1227,US,MANISTEE,30023,1
1228,CA,MANITOBA,187911,4
1229,US,Manitowoc,26662,1
1230,ES,Manlleu,17116,1
1231,ES,Manresa,73763,1
1232,RO,Maramureş,117174,3
1233,TR,Mardin,8006,1
1234,US,MARICOPA,65974,1
1235,BR,Marília,48684,1
1236,US,MARION,53866,2
1237,US,MARIPOSA,100088,5
1238,FR,Marne,739734,6
1239,US,Marshall,96672,2
1240,US,MARTIN,123142,2
1241,ES,Martorell,33470,1
1242,ZA,Mashishing,5151,1
1243,US,MASON,33800,1
1244,IT,Massa-Carrara,45119,2
1245,US,MATANUSKA-SUSITNA,95147,1
1246,ES,Mataró,106818,1
1247,IT,Matera,220138,3
1248,BR,Mauá,47761,1
1249,US,MAUI,46652,18
1250,MK,Mavrovo and Rostusa Municipality,135157,1
1251,PR,MAYAGUEZ,23305,1
1252,FR,Mayenne,260509,2
1253,US,MAYES,36658,1
1254,IE,Mayo,83555,1
1255,SI,MB Titova,41425,1
1256,SI,MB Vrbanski,21278,1
1257,US,McAlester,124508,1
1258,US,McAllen-Edinburg-Mission,58861,2
1259,US,MC CLAIN,13999,1
1260,US,MC CRACKEN,9627,1
1261,US,MC KENZIE,41609,1
1262,PL,Mecklenburg-Vorpommern,64828,1
1263,DE,Mecklenburg-Vorpommern,541612,10
1264,CO,Medellin,807842,16
1265,US,Medford,93862,3
1266,RO,Mehedinţi,32201,1
1267,AU,Melbourne,441603,8
1268,AU,Melton,36939,1
1269,US,Memphis,320071,5
1270,US,MENDOCINO,135082,3
1271,US,Merced,142160,2
1272,US,MERCER,41919,1
1273,MX,Mérida,17305,1
1274,US,Meridian,34097,1
1275,US,MERRIMACK,50721,1
1276,TR,Mersin,124322,7
1277,GB,Merton,21366,2
1278,MX,Metepec,40155,1
1279,FR,Meurthe-et-Moselle,616714,10
1280,FR,Meuse,267018,2
1281,MX,Mexicali,65765,3
1282,MX,Mexico City,8726,1
1283,MX,MEXICO STATE,1775554,15
1284,US,Miami,59148,1
1285,US,MIAMI - DADE,52079,3
1286,US,Miami-Fort Lauderdale-Miami Beach,684695,10
1287,US,Michigan City-La Porte,85236,4
1288,US,Middlesborough,41805,1
1289,GB,Middlesbrough,241948,1
1290,US,MIDDLESEX,126672,2
1291,DK,Midtjylland,295202,3
1292,PL,Międzyrzecz,13472,1
1293,PL,Mielec,200346,1
1294,MX,Miguel Hidalgo,29700,1
1295,US,MILLE LACS,36862,1
1296,US,Milwaukee-Waukesha-West Allis,457085,7
1297,MX,Minatitlán,13638,1
1298,US,MINIDOKA,17628,1
1299,US,Minneapolis-St. Paul-Bloomington,1090558,12
1300,HU,Miskolc Alföldi,7761,1
1301,HU,Miskolc Búza tér,167358,1
1302,HU,Miskolc Lavotta,9767,1
1303,US,MISSOULA,242574,3
1304,US,MITCHELL,43524,1
1305,XK,Mitrovica,72317,1
1306,XK,Mobile,3922,1
1307,US,Mobile,129500,2
1308,US,MOBILE,2259,1
1309,IT,Modena,132198,6
1310,US,Modesto,251077,3
1311,AU,Moe,24640,1
1312,NO,Mo i Rana,76153,1
1313,ES,Mollet del Vallès,32205,1
1314,GB,Monaghan,73703,1
1315,MX,Monclova,21980,1
1316,US,MONO,194573,4
1317,US,Monroe,47883,1
1318,US,MONROE,214803,2
1319,ES,Montcada i Reixac,94933,2
1320,US,MONTEREY,10585,1
1321,MX,Monterrey,116457,3
1322,US,MONTEZUMA,90610,3
1323,US,Montgomery,91693,2
1324,US,MONTGOMERY,65839,3
1325,ES,Montseny,104912,1
1326,ZA,Mopani,19036,5
1327,RS,Moravički upravni okrug,42724,1
1328,CZ,Moravskoslezský,1595476,15
1329,FR,Morbihan,287522,2
1330,US,Morehead City,32752,1
1331,MX,Morelia,21754,1
1332,US,MORGAN,82188,2
1333,US,Morgantown,23796,1
1334,US,Morristown,3237,1
1335,AU,Morwell,160681,2
1336,US,Moscow,48688,1
1337,DE,Moselle,177332,2
1338,FR,Moselle,844858,9
1339,US,Moses Lake,49610,1
1340,PL,Mosina,2730,2
1341,HU,Mosonmagyaróvár,3940,1
1342,NO,Moss,107649,1
1343,AU,Mount Isa,7152,1
1344,US,Mount Vernon,76644,1
1345,US,Mount Vernon-Anacortes,67849,1
1346,SI,MS Cankarjeva,14813,1
1347,SI,MS Rakičan,39585,1
1348,AU,Mt Barker,574,1
1349,TH,Mueang Ang Thong District Ang Thong Province,7562,1
1350,TR,Muğla,89047,9
1351,TH,Mukdahan,41928,1
1352,US,MULTNOMAH,39949,2
1353,US,Muncie,43004,2
1354,ES,Murcia,733406,8
1355,RO,Mureş,88670,3
1356,TR,Muş,4103,1
1357,US,Muscatine,50632,2
1358,US,MUSCATINE,101346,1
1359,US,MUSCOGEE,4304,1
1360,US,Muskegon-Norton Shores,33611,1
1361,AU,Muswellbrook,4,1
1362,PL,Muszyna,3494,2
1363,US,Myrtle Beach-Conway-North Myrtle Beach,36501,1
1364,PL,Myślenice,14955,1
1365,CA,N/A,2114484,58
1366,BZ,N/A,3822,1
1367,US,N/A,90052,7
1368,ID,N/A,66207,2
1369,PY,N/A,883,1
1370,QA,N/A,16313,1
1371,CD,N/A,3746,1
1372,BR,N/A,3765,1
1373,CN,N/A,87161,3
1374,TD,N/A,25185,1
1375,TH,N/A,1744148,23
1376,UG,N/A,51422,1
1377,IQ,N/A,20210,1
1378,CO,N/A,54132,1
1379,PK,N/A,113262,4
1380,PH,N/A,1390,1
1381,BD,N/A,54037,1
1382,BA,N/A,15904,2
1383,NP,N/A,89865,1
1384,JO,N/A,11648,1
1385,KE,N/A,7840,1
1386,KG,N/A,26853,1
1387,KW,N/A,51061,1
1388,KZ,N/A,37396,2
1389,AZ,N/A,8692,1
1390,GT,N/A,36886,1
1391,DZ,N/A,34786,1
1392,EG,N/A,6875,2
1393,LK,N/A,18991,1
1394,MD,N/A,7542,1
1395,MG,N/A,17801,1
1396,NG,N/A,13287,2
1397,MY,N/A,35833,6
1398,RW,N/A,6583,1
1399,SA,N/A,6681,1
1400,ET,N/A,69571,2
1401,AM,N/A,1284,1
1402,SD,N/A,11980,1
1403,AE,N/A,79607,2
1404,XK,N/A,23177,1
1405,MX,N/A,9407,1
1406,MM,N/A,44522,1
1407,MN,N/A,51576,1
1408,TM,N/A,23348,1
1409,TJ,N/A,27268,1
1410,UZ,N/A,66765,1
1411,VN,N/A,53839,1
1412,CL,Nacimiento,215875,3
1413,TH,Nakhon Nayok,557,1
1414,LA,Nakhon Phanom,88552,1
1415,TH,Nakhon Ratchasima,89705,1
1416,TH,Nakhon Sawan,58058,1
1417,TH,Nakhon Si Thammarat,90217,1
1418,PL,Nakło nad Notecią,77112,1
1419,ZA,Namakwa,52995,1
1420,BE,Namur,128527,3
1421,LA,Nan,54861,1
1422,TH,Nan,57878,1
1423,US,Naples-Marco Island,80813,1
1424,IT,Napoli,342077,6
1425,TH,Narathiwat,45059,1
1426,GB,Narberth,252152,1
1427,NO,Narvik,94935,1
1428,US,Nashville-Davidson--Murfreesboro,203645,7
1429,MX,Naucalpan de Juárez,37389,1
1430,US,NAVAJO,48107,1
1431,ES,Navarra,657243,7
1432,RO,Neamţ,80061,3
1433,ZA,Nelson Mandela Bay Metro,49393,2
1434,US,NEOSHO,18514,1
1435,CH,Neuchâtel,106321,1
1436,TR,Nevşehir,33153,2
1437,CA,NEW BRUNSWICK,433949,7
1438,GB,Newcastle,83685,2
1439,US,New Castle,49451,2
1440,US,NEW CASTLE,88684,2
1441,CA,NEWFOUNDLAND,405334,7
1442,GB,Newham,145600,5
1443,US,New Haven-Milford,219441,3
1444,US,New Orleans-Metairie-Kenner,307908,5
1445,GB,Newport,146565,1
1446,CN,New Territories,1003711,6
1447,US,New York-Northern New Jersey-Long Island,1938297,32
1448,MX,Nezahualcóyotl,62420,2
1449,ZA,Ngaka Modiri Molema,58286,2
1450,IT,NG Grčna,41188,1
1451,AT,Niederösterreich,2773032,38
1452,DE,Niedersachsen,1459676,27
1453,PL,Niepołomice,15793,1
1454,FR,Nièvre,282856,2
1455,TR,Niğde,29076,2
1456,NL,Nijmegen,382320,2
1457,ME,Nikšić,43536,1
1458,US,Niles-Benton Harbor,33750,1
1459,RS,Nišavski upravni okrug,359453,3
1460,PL,Nisko,174962,1
1461,SK,Nitriansky kraj,362919,2
1462,ZA,Nkangala,346586,15
1463,US,NOBLE,35417,1
1464,US,Nogales,85621,1
1465,ZA,None,8748,2
1466,TH,Nong Bua Lamphu,1579,1
1467,TH,Nong Khai,89500,1
1468,FR,Nord,1418547,16
1469,BE,Nord,114487,1
1470,DK,Nordjylland,91758,1
1471,BE,Nordrhein-Westfalen,58736,2
1472,DE,Nordrhein-Westfalen,1631246,56
1473,US,NORFOLK,53158,1
1474,SE,Norrbotten,17236,1
1475,US,NORTHAMPTON,64643,1
1476,AU,Northeastern Adelaide,18294,1
1477,AU,Northern Adelaide,5851,1
1478,FI,Northern Ostrobothnia,496731,6
1479,FI,Northern Savonia,188199,2
1480,AU,Northern Tablelands,30993,1
1481,RU,North Karelen,4510,1
1482,AU,North Queensland,32134,1
1483,US,NORTH SLOPE,42783,1
1484,GB,North West & Merseyside,132119,2
1485,AU,North-west Slopes,120050,3
1486,CA,NORTHWEST TERRITORIES,42879,2
1487,GB,Norwich,210843,1
1488,US,Norwich-New London,120589,1
1489,GB,Nottingham,367080,2
1490,IT,Novara,100618,3
1491,CA,NOVA SCOTIA,618674,8
1492,RS,Novi Pazar,10127,1
1493,RS,Novi Sad,11328,1
1494,SI,Novo mesto,21708,1
1495,PL,Nowa Ruda,30386,1
1496,PL,Nowa Sól,14402,1
1497,US,NOWATA,61518,1
1498,PL,Nowiny,135041,1
1499,PL,Nowy Sącz,109172,1
1500,PL,Nowy Targ,23333,1
1501,US,NPS,52,5
1502,CN,N.T.,20208,1
1503,MX,Nueva Oxtotitlán,32175,1
1504,IT,Nuoro,79447,2
1505,US,NYE,145120,4
1506,HU,Nyíregyháza,156418,1
1507,HU,Nyírjes,8749,1
1508,PL,Nysa,5239,1
1509,MX,Oaxaca de Juárez,1051,1
1510,AT,Oberösterreich,1549581,16
1511,XK,Obiliq,5303,1
1512,RS,Obrenovac,20140,2
1513,US,Ocala,121542,2
1514,MX,Ocuituco,2686,1
1515,US,Odessa,19215,1
1516,US,Ogden-Clearfield,188911,2
1517,FR,Oise,283237,2
1518,US,OKANOGAN,120747,3
1519,US,Oklahoma City,720946,5
1520,PL,Oława,106777,1
1521,GB,Oldbury,40925,1
1522,PL,Olesno,95554,1
1523,US,OLIVER,35073,1
1524,PL,Olkusz,22750,1
1525,CZ,Olomoucký,196489,4
1526,PL,Olsztyn,242412,1
1527,RO,Olt,35918,1
1528,US,Olympia,68265,1
1529,US,Omaha-Council Bluffs,471786,6
1530,HU,OMSZ LRK Mobil,3161,4
1531,US,ONEIDA,4054,1
1532,US,ONTARIO,126005,4
1533,CA,ONTARIO,2198329,56
1534,BE,Oost-Vlaanderen,366918,14
1535,NL,Oost-Vlaanderen,11810,1
1536,PL,Opole,171453,2
1537,US,ORANGE,90721,1
1538,TR,Ordu,209990,4
1539,SE,Örebro,18231,1
1540,IT,Oristano,56467,1
1541,US,Orlando-Kissimmee,381874,5
1542,US,ORLEANS,1149,1
1543,FR,Orne,236477,2
1544,BR,Osasco,83783,1
1545,PL,Osieczów,104163,1
1546,HR,Osjecko-baranjska,302346,2
1547,NO,Oslo,1042682,16
1548,TR,Osmaniye,42576,2
1549,CL,Osorno,101194,1
1550,SE,Östergötland,24438,1
1551,FI,Ostrobothnia,243555,3
1552,PL,Ostróda,183666,1
1553,PL,Oświęcim,47915,1
1554,HU,Oszlár,9502,1
1555,PL,Otwock,218738,1
1556,NL,Oude Meer,104779,1
1557,ES,Ourense,310559,2
1558,US,OUTAGAMIE,24414,1
1559,ZA,Overberg,36335,1
1560,US,Owensboro,79602,2
1561,GB,Oxford,205241,2
1562,US,OXFORD,81614,3
1563,US,Oxnard-Thousand Oaks-Ventura,217983,11
1564,PL,Pabianice,130147,1
1565,MX,Pachuca de Soto,92603,2
1566,US,PACIFIC,27381,1
1567,IT,Padova,127991,5
1568,CL,Padre las Casas,8915,1
1569,US,Paducah,70251,2
1570,FI,Paijanne Tavastia,173226,3
1571,XK,Palaj,4903,1
1572,ES,Palencia,207899,5
1573,US,Palm Bay-Melbourne-Titusville,151824,2
1574,US,PALM BEACH,82436,3
1575,US,PALO ALTO,80550,1
1576,US,Panama City-Lynn Haven,82889,1
1577,RS,Pančevo,22732,4
1578,LT,Panevežys,47285,1
1579,CL,Panquehue,48422,1
1580,RS,Paraćin,6664,1
1581,ES,Pardines,210,1
1582,CZ,Pardubický,271444,4
1583,FR,Paris,875555,12
1584,US,PARK,11082,1
1585,US,Parkersburg-Marietta-Vienna,59401,2
1586,IT,Parma,126553,4
1587,PL,Parzniewice,101197,1
1588,US,Pascagoula,163414,1
1589,FR,Pas-de-Calais,1172092,10
1590,BR,Paulínia,64119,1
1591,BR,Paulínia-Sta Terezinha,48976,1
1592,US,Payson,78646,2
1593,RS,Pčinjski upravni okrug,63495,1
1594,HU,Pécs Boszorkány u.,162556,1
1595,HU,Pécs Nevelési Központ,9918,1
1596,GB,Peebles,108222,1
1597,XK,Peja,5198,1
1598,XK,Peje,47617,1
1599,US,Pendleton-Hermiston,88467,4
1600,US,PEND OREILLE,3442,1
1601,US,PENOBSCOT,30000,1
1602,US,Pensacola-Ferry Pass-Brent,146795,3
1603,US,Peoria,125476,3
1604,ES,Perafort,56893,1
1605,US,PERRY,140107,4
1606,IT,Perugia,588427,13
1607,IT,Pesaro E Urbino,225729,3
1608,IT,Pescara,168699,4
1609,MX,Pesquería,17059,1
1610,HU,Pest,194738,1
1611,TH,Phangnga,2088,1
1612,TH,Phatthalung,2582,1
1613,MY,Phatthalung,22,1
1614,TH,Phayao,61660,1
1615,TH,Phetchabun,47454,1
1616,TH,Phetchaburi,1102,1
1617,TH,Phichit,41956,1
1618,US,PHILADELPHIA,330009,5
1619,US,Philadelphia-Camden-Wilmington,1158913,17
1620,BE,Philippine,211355,1
1621,US,PHILLIPS,163843,1
1622,TH,Phitsanulok,83501,1
1623,US,Phoenix Lake-Cedar Ridge,45634,1
1624,US,Phoenix-Mesa-Scottsdale,3415490,38
1625,TH,Phrae,61117,1
1626,TH,Phra Nakhon Si Ayutthaya,48872,1
1627,IT,Piacenza,206018,5
1628,PL,Piastów,159468,1
1629,BR,Pico do Jaraguá,48008,1
1630,US,PIKE,70342,1
1631,PL,Piła,105044,1
1632,US,PIMA,185987,4
1633,US,PINAL,227541,5
1634,PL,Pińczów,16323,1
1635,US,PINELLAS,15378,3
1636,PL,Piotrków Trybunalski,169594,1
1637,BR,Piracicaba,70,1
1638,FI,Pirkanmaa,261209,4
1639,RS,Pirot,7971,1
1640,IT,Pisa,178885,4
1641,IT,Pistoia,85131,2
1642,US,PITKIN,17656,2
1643,US,Pittsburgh,749869,17
1644,US,PLACER,57364,1
1645,PL,Pleszew,26891,1
1646,ME,Pljevlja,53727,2
1647,PL,Płock,347928,2
1648,US,PLUMAS,70410,4
1649,GB,Plymouth,209083,1
1650,US,PLYMOUTH,78196,1
1651,CZ,Plzeňský,1021302,6
1652,US,Pocatello,161624,2
1653,ME,Podgorica,35375,2
1654,RS,Podunavski upravni okrug,43975,1
1655,AU,Point Cook,33998,1
1656,PL,Polanica-Zdrój,6990,1
1657,PL,Połaniec,148820,1
1658,US,POLK,95998,5
1659,ZA,Polokwane,14075,4
1660,US,Ponca City,138551,1
1661,ES,Pontevedra,462365,7
1662,PT,Pontevedra,71566,1
1663,US,PONTOTOC,59781,1
1664,ES,Ponts,25511,1
1665,RS,Popovac,12116,1
1666,US,Port Angeles,15676,1
1667,US,Portland-South Portland-Biddeford,220103,4
1668,US,Portland-Vancouver-Beaverton,820125,15
1669,PT,Porto,1082921,14
1670,TT,Port of Spain,137,1
1671,AU,Port Pirie,17418,2
1672,GB,Portsmouth,164654,1
1673,US,Portsmouth,151671,2
1674,GB,Port Talbot,261031,1
1675,NL,Posterholt,107247,1
1676,IT,Potenza,723361,12
1677,US,Poughkeepsie-Newburgh-Middletown,76429,2
1678,US,POWDER RIVER,139005,1
1679,MX,Poza Rica de Hidalgo,16593,1
1680,PL,Poznań,262813,2
1681,TH,Prachin Buri,55543,1
1682,TH,Prachuap Khiri Khan,41704,1
1683,RO,Prahova,189638,5
1684,ES,"Prat de Llobregat, el",74584,2
1685,IT,Prato,71451,2
1686,US,Prescott,37150,1
1687,BR,Presidente Prudente,46130,1
1688,SK,Prešovský kraj,864143,7
1689,SE,Prestebakke,47769,1
1690,GB,Preston,194012,1
1691,ZA,Pretoria,8061,1
1692,HR,Primorsko-goranska,13661,1
1693,US,PRINCE EDWARD,36455,1
1694,CA,PRINCE EDWARD ISLAND,351862,3
1695,US,Prineville,44969,1
1696,XK,"Prishtina, KHMI",76885,1
1697,XK,"Prishtina, Rilindja",74238,1
1698,XK,Pristina,52956,1
1699,XK,Prizren,73123,2
1700,US,Providence-New Bedford-Fall River,656390,8
1701,US,Provo-Orem,317859,2
1702,PL,Przemyśl,204697,1
1703,SI,Ptuj,17792,1
1704,CL,Puchuncaví,704063,4
1705,CL,Pudahuel,208435,1
1706,MX,Puebla,150703,4
1707,US,Pueblo,3058,1
1708,CL,Puente Alto,249355,1
1709,CL,Puerto Montt,94492,2
1710,CL,Puerto Varas,35501,1
1711,US,Pullman,151538,3
1712,PL,Pułtusk,7374,1
1713,CL,Punta Arenas,49587,1
1714,MX,Purísima del Rincón,7475,1
1715,US,PUTNAM,43147,1
1716,HU,Putnok,10321,1
1717,FR,Puy-de-Dôme,482434,5
1718,FR,Pyrénées-Atlantiques,806833,10
1719,FR,Pyrénées-Orientales,169514,2
1720,CA,QUEBEC,1632899,39
1721,MX,Querétaro,80085,4
1722,CL,Quilicura,102627,1
1723,CL,Quillota,104816,3
1724,CL,Quilpué,1898,1
1725,US,Quincy,36495,1
1726,CL,Quintero,673805,5
1727,PL,Rabka-Zdrój,22985,1
1728,PL,Racibórz,118502,1
1729,US,RACINE,26453,1
1730,PL,Radom,235705,1
1731,PL,Radomsko,198114,1
1732,PL,Radzyń Podlaski,11765,1
1733,US,Raleigh-Cary,489106,4
1734,MX,Ramos Arizpe,214,1
1735,US,RAMSEY,48713,1
1736,CL,Rancagua,286249,2
1737,US,RANDOLPH,73023,1
1738,NZ,Rangiora,2172,1
1739,TH,Ranong,2214,1
1740,US,Rapid City,168197,2
1741,RS,Rasinski upravni okrug,25871,1
1742,RS,Raški upravni okrug,42474,1
1743,TH,Ratchaburi,26883,1
1744,US,RAVALLI,48395,1
1745,IT,Ravenna,166553,4
1746,TH,Rayong,551544,7
1747,GB,Reading,238022,2
1748,US,Reading,83799,1
1749,US,Red Bluff,94927,3
1750,GB,Redbridge,74044,2
1751,US,Redding,211429,4
1752,US,Red Wing,36749,1
1753,IT,Reggio Di Calabria,43290,1
1754,IT,Reggio Nell'Emilia,202962,5
1755,IL,Rehovot,13842,1
1756,GB,Reigate and Banstead,138735,4
1757,CL,Rengo,111342,1
1758,US,Reno-Sparks,592238,8
1759,IS,Reyðarfjörður,41507,3
1760,IS,Reykjavík,114091,3
1761,DE,Rheinland-Pfalz,1160789,26
1762,FR,Rhône,1087421,9
1763,BR,Ribeirão Preto,66865,1
1764,US,RICHLAND,161350,2
1765,GB,Richmond,65616,2
1766,US,Richmond,499374,6
1767,US,RICHMOND,4354,1
1768,NL,Ridderkerk,206378,1
1769,IT,Rieti,297306,4
1770,LV,Riga,53146,1
1771,IT,Rimini,139486,4
1772,US,RIO ARRIBA,40109,1
1773,US,RIO BLANCO,153399,1
1774,BR,Rio Claro-Jd.Guanabara,34656,1
1775,BR,Rio de Janeiro,109347,8
1776,MX,Rioverde,16298,1
1777,US,RIVERSIDE,95953,3
1778,US,Riverside-San Bernardino-Ontario,2011472,23
1779,US,Riverton,244398,3
1780,TR,Rize,97419,2
1781,US,Roanoke,231562,1
1782,GB,Rochester,264659,1
1783,US,Rochester,175886,3
1784,US,ROCK,26412,1
1785,US,ROCKBRIDGE,45891,1
1786,US,Rockford,71437,2
1787,US,ROCKINGHAM,242822,1
1788,US,ROCKLAND,76606,1
1789,US,Rock Springs,135290,2
1790,US,Rocky Mount,46833,1
1791,TH,Roi Et,7001,1
1792,IT,Roma,2282041,36
1793,US,Rome,36705,1
1794,NL,Rotterdam,545313,3
1795,NL,Rotterdam Zuid,295092,2
1796,IT,Rovigo,57735,4
1797,ES,Rubí,118152,1
1798,LV,Rucavas,53564,1
1799,HU,Rudabánya,2113,1
1800,PL,Rudnik nad Sanem,16032,1
1801,US,Rutland,252574,1
1802,PL,Rybnik,16732,1
1803,PL,Rymanów-Zdrój,68210,1
1804,PL,Rzeszów,189623,4
1805,DE,Saarland,342510,7
1806,FR,Saarland,16536,1
1807,RS,Šabac,6682,1
1808,CO,Sabaneta,21012,1
1809,CZ,Sachsen,110970,4
1810,DE,Sachsen,612871,20
1811,DE,Sachsen-Anhalt,986375,22
1812,US,Sacramento--Arden-Arcade--Roseville,1464949,22
1813,CN,Sai Kung,204241,1
1814,TH,Sa Kaeo,90282,1
1815,TR,Sakarya,150389,4
1816,TH,Sakon Nakhon,87142,1
1817,RO,Sălaj,33901,1
1818,ES,Salamanca,349503,4
1819,MX,Salamanca,58265,2
1820,CL,Salamanca,63717,1
1821,US,Salem,126360,4
1822,IT,Salerno,112653,2
1823,HU,Salgótarján,9320,1
1824,US,Salinas,134832,2
1825,US,Salisbury,90716,1
1826,GB,Saltash,103928,1
1827,MX,Saltillo,28716,1
1828,US,Salt Lake City,1001183,8
1829,AT,Salzburg,626030,12
1830,TR,Samsun,276031,6
1831,TH,Samut Songkhram,88757,1
1832,MX,San Andrés Tuxtla,24886,1
1833,US,San Antonio,181732,6
1834,US,SAN BENITO,15984,1
1835,US,SAN BERNARDINO,132551,3
1836,CL,San Carlos,13792,1
1837,US,SANDERS,88646,1
1838,US,San Diego-Carlsbad-San Marcos,484285,11
1839,GB,Sandy,9379,1
1840,CL,San Fernando,8134,1
1841,TT,San Fernando,4230,1
1842,US,San Francisco-Oakland-Fremont,2275045,14
1843,CR,San Jose,31429,1
1844,US,San Jose-Sunnyvale-Santa Clara,503531,7
1845,US,SAN JUAN,121938,2
1846,PR,San Juan-Caguas-Guaynabo,12231,1
1847,MX,San Juan del Río,22527,1
1848,CH,Sankt Gallen,106091,1
1849,TR,Şanlıurfa,5919,1
1850,MX,San Luis de la Paz,6753,1
1851,US,SAN LUIS OBISPO,106854,5
1852,US,San Luis Obispo-Paso Robles,780537,10
1853,MX,San Luis Potosí,102304,4
1854,MX,San Martín Texmelucan,4728,1
1855,MX,San Mateo Atenco,23324,1
1856,MX,San Nicolás de los Garza,87655,2
1857,PL,Sanok,16231,1
1858,MX,San Pedro Garza García,49947,1
1859,US,SANTA BARBARA,1433,1
1860,US,Santa Barbara-Santa Maria,612167,11
1861,MX,Santa Catarina,51339,1
1862,ES,Santa Coloma de Gramenet,29612,1
1863,US,Santa Cruz-Watsonville,61822,2
1864,ES,Sant Adrià de Besòs,60130,1
1865,US,Santa Fe,96336,1
1866,BR,Santa Gertrudes,45063,1
1867,ES,Santa Margarida i els Monjos,18427,1
1868,ES,Santa Maria de Palautordera,25344,1
1869,ES,Sant Andreu de la Barca,29512,1
1870,ES,Santa Pau,25787,1
1871,ES,Santa Perpètua de Mogoda,75289,1
1872,PT,Santarém,20584,1
1873,US,Santa Rosa-Petaluma,192368,1
1874,ES,Sant Celoni,99251,1
1875,ES,Sant Cugat del Vallès,54320,1
1876,ES,Sant Esteve de la Sarga,99662,1
1877,CL,Santiago,205767,1
1878,BR,Santo André,65993,1
1879,BR,Santos,84793,2
1880,ES,Sant Vicenç dels Horts,80,1
1881,BR,São Bernardo do Campo,69667,1
1882,BR,São Caetano do Sul,103299,1
1883,BR,São José do Rio Preto,57217,1
1884,BR,São José dos Campos,77102,1
1885,FR,Saône-et-Loire,467102,4
1886,BR,São Paulo,612265,14
1887,TH,Saraburi,131212,2
1888,US,Sarasota-Bradenton-Venice,286789,7
1889,NO,Sarpsborg,133015,2
1890,FR,Sarthe,227503,3
1891,CA,SASKATCHEWAN,244531,4
1892,IT,Sassari,122600,4
1893,FI,Satakunta,189672,2
1894,RO,Satu Mare,54236,2
1895,TH,Satun,50697,1
1896,US,Savannah,193399,2
1897,FR,Savoie,656359,6
1898,IT,Savona,284548,8
1899,NL,Schiedam,206383,1
1900,DE,Schleswig-Holstein,354439,12
1901,US,SCHOOLCRAFT,79326,1
1902,CH,Schwyz,214188,1
1903,US,SCIOTO,5663,1
1904,US,Scottsbluff,18529,1
1905,US,Scranton--Wilkes-Barre,178781,3
1906,GB,Scunthorpe,144001,1
1907,US,Seaford,144206,2
1908,US,Seattle-Tacoma-Bellevue,1023397,19
1909,US,Sebring,41155,1
1910,ZA,Sedibeng,249119,7
1911,ES,Segovia,103662,1
1912,FR,Seine-et-Marne,554548,7
1913,FR,Seine-Maritime,1639112,22
1914,FR,Seine-Saint-Denis,723363,7
1915,ZA,Sekhukhune,32861,2
1916,ES,"Sénia, la",24838,1
1917,KR,Seoul,2731,1
1918,PT,Setúbal,1085536,11
1919,GB,Sevenoaks,72246,2
1920,RS,Severnobanatski upravni okrug,99880,1
1921,US,SEVIER,25521,1
1922,US,Sevierville,39210,1
1923,ES,Sevilla,1179047,12
1924,CN,Shanghai,54183,1
1925,US,SHEBOYGAN,50958,2
1926,GB,Sheffield,81299,2
1927,US,Shelton,50667,1
1928,CN,Shenyang,779,1
1929,CA,Sherbrooke,35350,1
1930,US,Sheridan,45994,1
1931,US,SHERIDAN,38164,1
1932,US,SHERMAN,40840,1
1933,US,SHOSHONE,100286,1
1934,US,Shreveport-Bossier City,139539,2
1935,LV,Šiauliai,8287,1
1936,LT,Šiauliai,60982,1
1937,RO,Sibiu,151333,4
1938,GB,Sibton,53716,1
1939,PL,Siedlce,69001,1
1940,IT,Siena,86556,2
1941,PL,Sierpc,28572,1
1942,US,Sierra Vista-Douglas,147170,3
1943,TR,Siirt,4105,1
1944,MX,Silao de la Victoria,21688,1
1945,US,SILVER BOW,95331,1
1946,US,SIMPSON,23906,1
1947,MY,Singapore,14293,1
1948,TH,Sing Buri,16792,2
1949,AU,Singleton,162572,1
1950,TR,Sinop,131491,3
1951,US,Sioux Falls,48088,1
1952,IQ,Şırnak,13097,3
1953,TR,Şırnak,7041,1
1954,HR,Sisacko-moslavacka,65014,1
1955,TH,Sisaket,19037,2
1956,US,SISKIYOU,78080,2
1957,TR,Sivas,168345,3
1958,DK,Sjælland,131665,1
1959,US,SKAGIT,172315,2
1960,SE,Skåne,304994,5
1961,PL,Skawina,10050,1
1962,PL,Słupsk,103556,1
1963,RS,Smederevo,22624,2
1964,PL,Smolary Bytnickie,103675,1
1965,PL,Solec Kujawski,57669,1
1966,IT,Solkan,8477,1
1967,US,Somerset,85895,2
1968,US,SOMERSET,48006,1
1969,FR,Somme,410047,5
1970,TH,Songkhla,72757,2
1971,TH,Songkhla Province,968,2
1972,MX,SONORA,52469,2
1973,PL,Sopot,66643,1
1974,ES,Soria,193520,2
1975,BR,Sorocaba,47867,1
1976,NO,Sør-Varanger,34838,1
1977,PL,Sosnowiec,102082,1
1978,GB,Southampton,348920,2
1979,US,South Bend-Mishawaka,232166,5
1980,IE,South Dublin,64103,2
1981,GB,South East,85679,1
1982,AU,South East Queensland,940478,21
1983,AU,Southern Adelaide,26059,1
1984,AU,Southern Tablelands,61686,1
1985,FI,South Karelia,526184,8
1986,GB,Southwark,324866,6
1987,GB,South West,82748,1
1988,AU,South West Queensland,154943,3
1989,AU,South-west Slopes,85235,1
1990,US,Spartanburg,74745,2
1991,HR,Splitsko-dalmatinska,159913,2
1992,US,Spokane,283350,7
1993,US,SPOKANE,28882,1
1994,AU,Spotswood,10366,1
1995,US,Springfield,603513,8
1996,RS,Sremska Mitrovica,6693,1
1997,AU,St Albans,17151,1
1998,NZ,St Albans EP,2481,1
1999,GB,Stanford-le-Hope,149062,1
2000,PL,Starachowice,103116,1
2001,US,STARK,6144,1
2002,US,State College,125501,2
2003,NO,Stavanger,423116,4
2004,US,ST. BERNARD,48172,1
2005,US,STE GENEVIEVE,33488,1
2006,SI,Steiermark,8299,1
2007,AT,Steiermark,2262303,36
2008,US,STEVENS,122858,2
2009,US,St. George,49827,1
2010,US,ST. JAMES,48373,1
2011,US,St. Joseph,85972,1
2012,US,St. Louis,939992,17
2013,US,ST. LOUIS,148036,2
2014,US,ST. LOUIS (CITY),93986,1
2015,US,ST. LUCIE,40627,1
2016,US,St. Marys,36722,1
2017,GB,Stockbridge,265395,1
2018,SE,Stockholm,781520,23
2019,US,Stockton,246216,3
2020,GB,Stockton-on-Tees,158189,2
2021,GB,Stoke-on-Trent,296119,2
2022,GB,Storrington,27699,1
2023,GB,St Osyth,128692,1
2024,GB,Strath Vaich,44069,1
2025,CZ,Středočeský,803273,6
2026,PL,Strzegom,10239,1
2027,US,SUBLETTE,623872,6
2028,RO,Suceava,74980,2
2029,PL,Sucha Beskidzka,35341,1
2030,US,SUFFOLK,164879,4
2031,TH,Sukhothai,43931,1
2032,PL,Sulęcin,152205,1
2033,RS,Šumadijski upravni okrug,69261,1
2034,US,Summerville,36137,1
2035,US,SUMMIT,4480,2
2036,US,SUMTER,100396,1
2037,GB,Sunderland,51797,2
2038,TH,Suphun Buri,91459,1
2039,TH,Surat Thani,43821,1
2040,TH,Surin,557,1
2041,US,SUSQUEHANNA,2293,1
2042,US,SUTTER,28330,1
2043,GB,Sutton,120521,4
2044,PL,Suwałki,34765,2
2045,US,SWAIN,63010,2
2046,GB,Swansea,150076,1
2047,ZA,Swartklip,15208,5
2048,US,SWEETWATER,178957,1
2049,GB,Swfrryd,1815,1
2050,PL,Świecie,14701,1
2051,AU,Sydney East,894241,6
2052,AU,Sydney North-west,770977,5
2053,AU,Sydney South-west,1175290,6
2054,US,Syracuse,7549,1
2055,PL,Szamotuły,42642,1
2056,PL,Szarów,77561,1
2057,HU,Százhalombatta 1 Búzavirág tér,12080,1
2058,HU,Százhalombatta 2 Sportpálya,3816,1
2059,HU,Százhalombatta 3 Liszt Ferenc sétány,7438,1
2060,PL,Szczawnica,7720,1
2061,PL,Szczecin,325228,2
2062,PL,Szczecinek,155898,1
2063,PL,Szczytno,8,1
2064,HU,Szeged 2 Rózsa u.,203315,1
2065,HU,Székesfehérvár,11501,1
2066,HU,Szentgotthárd,4488,1
2067,HU,Szolnok,12429,1
2068,HU,Szombathely,4650,1
2069,PL,Szymbark,126171,1
2070,TH,Tak,50035,2
2071,CL,Talagante,168168,1
2072,CL,Talca,218790,3
2073,US,Tallahassee,163462,2
2074,US,Tampa-St. Petersburg-Clearwater,914806,13
2075,US,Taos,49357,1
2076,CN,Tap Mun Police Post,200523,1
2077,IT,Taranto,439185,11
2078,FR,Tarn,213187,2
2079,PL,Tarnobrzeg,17324,1
2080,PL,Tarnów,312158,2
2081,ES,Tarragona,444610,6
2082,AU,Tasmania Region,2860491,34
2083,HU,Tatabánya Ságvári u.,7301,1
2084,BR,Tatuí,51591,1
2085,BR,Taubaté,72723,1
2086,US,TAYLOR,80268,2
2087,MX,Tehuacán,7818,1
2088,TR,Tekirdağ,198418,8
2089,SA,Tekirdağ,604,1
2090,RO,Teleorman,56835,2
2091,LT,Telšiai,83450,2
2092,CL,Temuco,215920,3
2093,MX,Tepeapulco,49686,1
2094,MX,Tepeji del Río de Ocampo,47104,1
2095,MX,Tepic,60913,2
2096,IT,Teramo,42491,1
2097,IT,Terni,217180,6
2098,ES,Terrassa,94663,1
2099,US,Terre Haute,142326,4
2100,FR,Territoire de Belfort,86107,1
2101,ES,Teruel,89363,2
2102,US,TETON,65793,4
2103,MK,Tetovo Municipality,21964,1
2104,US,Texarkana,7544,1
2105,ZA,Thabazimbi,6996,2
2106,US,Thomasville-Lexington,28006,1
2107,CH,Thurgau,12472,1
2108,DE,Thüringen,896175,21
2109,GB,Thurrock,52726,2
2110,CH,Ticino,181003,1
2111,IT,Ticino,326864,2
2112,CL,Tierra Amarilla,28060,1
2113,MX,Tijuana,22626,1
2114,US,TILLAMOOK,8005,1
2115,NZ,Timaru,4101,2
2116,RS,Timiş,22718,1
2117,RO,Timiş,166196,5
2118,US,TIOGA,79006,1
2119,AT,Tirol,863678,17
2120,MX,Tizayuca,48040,1
2121,MX,Tláhuac,24549,1
2122,MX,Tlajomulco de Zúñiga,17101,1
2123,MX,Tlalnepantla de Baz,59986,2
2124,MX,Tlalpan,15789,1
2125,MX,Tlaquepaque Centro,20566,1
2126,MX,Tlaxcala,10930,1
2127,TR,Tokat,210046,4
2128,HU,Tököl,7673,1
2129,US,Toledo,179898,4
2130,ES,Toledo,253991,3
2131,MX,Toluca,95663,2
2132,CL,Tomé,196387,1
2133,MX,Tonalá,18559,1
2134,US,TOOELE,149292,1
2135,US,Topeka,142576,1
2136,IT,Torino,666263,14
2137,CA,Toronto,14718,1
2138,US,Torrington,255577,1
2139,PL,Toruń,379892,3
2140,AU,Townsville,98156,4
2141,TR,Trabzon,394250,6
2142,TH,Trang,85064,1
2143,AU,Traralgon,111770,1
2144,TH,Trat,90463,1
2145,US,Traverse City,33875,1
2146,SI,Trbovlje,40897,1
2147,US,TREGO,211587,1
2148,SK,Trenciansky kraj,532914,4
2149,IT,Trento,352764,7
2150,US,Trenton-Ewing,129605,3
2151,IT,Treviso,97291,3
2152,US,TRINITY,25787,1
2153,SK,Trnavský kraj,477736,3
2154,NO,Tromsø,172878,2
2155,NO,Trondheim,408012,5
2156,US,Truckee-Grass Valley,103239,2
2157,PL,Trzebinia,177202,1
2158,PL,Trzebnica,54536,1
2159,US,TUCKER,35923,1
2160,US,Tucson,632916,10
2161,MX,Tula de Allende,13959,1
2162,MX,Tulancingo de Bravo,48792,1
2163,US,TULARE,133037,2
2164,RO,Tulcea,85126,3
2165,US,Tulsa,562958,5
2166,US,TULSA,50023,2
2167,MX,Tultitlán,4671,1
2168,TR,Tunceli,7290,1
2169,US,Tupelo,34104,1
2170,US,Tuscaloosa,12823,1
2171,US,TUSCOLA,35985,1
2172,NO,Tustervatn,47048,1
2173,MX,Tuxpan,12697,1
2174,MX,Tuxtla Gutiérrez,8480,1
2175,BA,Tuzla,147966,1
2176,US,TWIN FALLS,50427,1
2177,PL,Tychy,105214,1
2178,US,Tyler,3683,1
2179,TH,Ubon Ratchathani,88721,1
2180,TH,Udon Thani,86507,1
2181,US,UINTAH,420030,5
2182,US,Ukiah,49453,1
2183,MN,Ulaanbaatar,2052,4
2184,KR,Ulsan,5606,1
2185,ZA,uMgungundlovu,110161,3
2186,US,UNION,94063,1
2187,SE,Uppsala,93393,2
2188,TR,Uşak,25268,2
2189,CZ,Ústecký,1883425,15
2190,PL,Ustka,7682,1
2191,PL,Ustroń,138054,1
2192,US,UTAH,23044,1
2193,LT,Utena,24383,1
2194,TH,Uthai Thani,49983,1
2195,US,Utica-Rome,28345,1
2196,NL,Utrecht,492542,3
2197,TH,Uttaradit,84324,1
2198,FI,Uusimaa,1024573,8
2199,RS,Užice,10275,1
2200,HU,"Vác, Csányi krt.",8951,1
2201,CH,Valais,109400,1
2202,RO,Vâlcea,87895,2
2203,FR,Val-de-Marne,336476,3
2204,CL,Valdivia,179981,2
2205,FR,Val-d'Oise,237289,5
2206,US,Valdosta,45280,1
2207,ES,Valencia/València,2080691,25
2208,ES,Valladolid,475025,9
2209,US,Vallejo-Fairfield,368140,4
2210,US,VALLEY,47937,1
2211,CL,Valparaíso,50308,1
2212,NL,Valthermond,159307,1
2213,TR,Van,7945,1
2214,US,VAN BUREN,167112,1
2215,FR,Var,257210,3
2216,HU,Várpalota,11812,1
2217,RO,Vaslui,36343,1
2218,SE,Västerbotten,24071,1
2219,SE,Västernorrland,17337,2
2220,SE,Västra Götaland,239930,6
2221,FR,Vaucluse,108694,4
2222,CH,Vaud,360970,2
2223,NL,Veldhoven,211342,1
2224,MK,Veles Municipality,198527,1
2225,NL,Velsen,107245,2
2226,FR,Vendée,263725,2
2227,IT,Venezia,115748,5
2228,LV,Ventspils,23154,1
2229,MX,Venustiano Carranza,44768,1
2230,CH,Verbano-Cusio-Ossola,43054,1
2231,IT,Verbano-Cusio-Ossola,111675,3
2232,IT,Vercelli,163232,4
2233,US,Vero Beach,33252,1
2234,IT,Verona,76610,4
2235,HU,Veszprém,444016,3
2236,PT,Viana do Castelo,72242,1
2237,ES,Vic,1032,1
2238,IT,Vicenza,113932,6
2239,US,Victoria,45880,1
2240,FR,Vienne,348588,2
2241,ES,Vilafranca del Penedès,56000,1
2242,ES,Vilanova i la Geltrú,96727,1
2243,PT,Vila Real,133452,1
2244,US,VILAS,7604,1
2245,ES,Vila-seca,1635,1
2246,MX,Villa de las Flores,28147,1
2247,LT,Vilnius,150859,4
2248,CL,Viña del Mar,107766,1
2249,US,Vincennes,34677,1
2250,US,Vineland-Millville-Bridgeton,137587,1
2251,US,VIRGINIA BEACH,9578,1
2252,US,Virginia Beach-Norfolk-Newport News,493422,4
2253,US,Visalia-Porterville,146088,3
2254,PT,Viseu,111036,1
2255,IT,Viterbo,328903,4
2256,BE,Vlaams-Brabant,125681,7
2257,AT,Vorarlberg,302231,8
2258,FR,Vosges,231140,2
2259,RO,Vrancea,32612,1
2260,NL,Vredepeel,210942,1
2261,RS,Vršac,6407,1
2262,CZ,Vysočina,110651,3
2263,US,Wabash,36540,1
2264,US,Waco,89664,1
2265,PL,Wadowice,12056,1
2266,NZ,Waimate,1293,1
2267,PL,Wałbrzych,15524,1
2268,US,WALKER,33897,1
2269,US,Walla Walla,98986,2
2270,US,WALLOWA,35912,1
2271,GB,Wandsworth,157961,7
2272,AU,Wangaratta,18494,1
2273,US,WARD,42348,1
2274,US,Warner Robins,60215,1
2275,US,WARREN,204811,2
2276,GB,Warrington,152643,1
2277,PL,Warszawa,716519,8
2278,US,WASHINGTON,530613,13
2279,US,Washington-Arlington-Alexandria,1669730,17
2280,ZA,Waterberg,224689,5
2281,US,Waterloo-Cedar Falls,85947,2
2282,US,Watertown-Fort Drum,36678,1
2283,US,Wausau,26282,1
2284,US,Weirton-Steubenville,37138,2
2285,NL,Wekerom,211358,1
2286,US,WELD,39483,1
2287,US,Wenatchee,48361,1
2288,ZA,West Coast,25503,1
2289,AU,Western Adelaide,39277,1
2290,NL,Westmaas,159299,1
2291,GB,West Midlands,194393,2
2292,GB,Westminster,465749,11
2293,US,WESTON,47633,1
2294,ZA,West Rand,27422,2
2295,BE,West-Vlaanderen,268137,10
2296,US,WEXFORD,35605,1
2297,US,WHATCOM,76724,2
2298,US,Wheeling,47435,2
2299,US,WHITE PINE,48127,1
2300,US,Whitewater,19183,1
2301,US,WHITLEY,20779,1
2302,AU,Whitsunday,33888,1
2303,AU,Whyalla,18877,2
2304,US,Wichita,249685,3
2305,GB,Wicken Fen,177104,1
2306,IE,Wicklow,36009,1
2307,AU,Wide Bay-Burnett,11958,1
2308,GB,Widnes,36308,1
2309,PL,Widuchowa,104176,1
2310,AT,Wien,1301027,17
2311,NL,Wieringerwerf,211351,1
2312,GB,Wigan,184503,1
2313,NL,Wijk aan Zee,256530,1
2314,BE,Wijnandsrade,14087,1
2315,PL,Wilczopole,31525,1
2316,GB,Willenhall,109890,1
2317,US,WILLIAMSON,2572,1
2318,US,Williamsport,43862,1
2319,US,Willimantic,36137,1
2320,US,Wilmington,100872,2
2321,US,Winchester,37866,1
2322,GB,Windsor and Maidenhead,52824,3
2323,US,Winston-Salem,346865,5
2324,PL,Włocławek,308449,2
2325,PL,Włoszczowa,19906,1
2326,PL,Wodzisław Śląski,12987,1
2327,US,Worcester,238720,3
2328,US,WORCESTER,44573,1
2329,GB,Wrexham,160282,1
2330,PL,Wrocław,349225,3
2331,PL,Wschowa,220293,1
2332,US,WYOMING,20700,1
2333,US,WYTHE,3764,1
2334,MX,Xalapa,17616,1
2335,MX,Xonacatlán,19561,1
2336,US,Yakima,151658,2
2337,US,YAKIMA,52777,1
2338,MY,Yala,20551,1
2339,TH,Yala,40838,1
2340,US,YALOBUSHA,35664,1
2341,TR,Yalova,15938,1
2342,US,YAMHILL,6683,1
2343,US,YANCEY,21356,1
2344,GB,Yarner Wood,123919,1
2345,TH,Yasothon,1439,1
2346,US,YELLOWSTONE,78328,2
2347,AU,Yinnar,1,1
2348,FR,Yonne,224048,2
2349,GB,York,307435,2
2350,US,YORK,61460,1
2351,US,York-Hanover,138725,2
2352,GB,Yorkshire,100967,1
2353,GB,Yorkshire & Humberside,83592,1
2354,US,Youngstown-Warren-Boardman,234412,5
2355,TR,Yozgat,41496,2
2356,US,Yuba City,124739,1
2357,US,YUKON-KOYUKUK,46455,1
2358,US,Yuma,123447,1
2359,FR,Yvelines,382057,4
2360,NL,Zaandam,190311,1
2361,NL,Zaanstad,104779,1
2362,PL,Zabierzów,24798,1
2363,PL,Zabrze,173097,1
2364,MX,Zacatepec,18253,1
2365,PL,Żagań,25303,1
2366,SI,Zagorje,40133,1
2367,HR,Zagrebacka,73074,1
2368,RS,Zaječarski upravni okrug,62146,1
2369,PL,Zakopane,165030,1
2370,ES,Zamora,101955,1
2371,PL,Zamość,164899,1
2372,MX,Zapopan,45695,2
2373,ES,Zaragoza,857195,9
2374,MX,Zaragoza,15115,1
2375,PL,Żary,228275,1
2376,PL,Zawiercie,26065,1
2377,PL,Zdzieszowice,87460,1
2378,NL,Zegveld,196435,1
2379,NO,Zeppelinfjellet,42685,1
2380,PL,Zgierz,191003,1
2381,PL,Zgorzelec,59500,1
2382,PL,Zielona Góra,233871,2
2383,PL,Zielonka,149749,1
2384,NL,Zierikzee,107250,1
2385,SK,Žilinský kraj,686897,4
2386,CZ,Zlínský,366603,5
2387,PL,Złoty Potok,204554,1
2388,TR,Zonguldak,20710,1
2389,PL,Żory,70296,1
2390,CH,Zürich,820478,5
2391,PL,Żyrardów,68657,1
2392,PL,Żywiec,119693,1
2393,CY,Αγία Μαρίνα Ξυλιάτου - Σταθμός Υποβάθρου,30806,1
2394,GR,ΑΤΤΙΚΗ,1113539,14
2395,GR,ΔΥΤΙΚΗ ΕΛΛΑΔΑ,104646,2
2396,CY,Ζύγι - Βιομηχανικός Σταθμός ,26693,1
2397,GR,ΘΕΣΣΑΛΙΑ,18437,1
2398,CY,Καλαβασός - Βιομηχανικός Σταθμός ,21986,1
2399,GR,ΚΕΝΤΡΙΚΗ ΜΑΚΕΔΟΝΙΑ,370611,6
2400,CY,Λάρνακα - Κυκλοφοριακός Σταθμός,30862,1
2401,CY,Λεμεσός - Κυκλοφοριακός Σταθμός,29573,1
2402,CY,Λευκωσία - Κυκλοφοριακός Σταθμός,31147,1
2403,CY,Λευκωσία - Οικιστικός Σταθμός ,100968,1
2404,CY,Μαρί - Βιομηχανικός Σταθμός,22104,1
2405,CY,Ορμήδια - Βιομηχανικός Σταθμός ,20822,1
2406,CY,Παραλίμνι - Κυκλοφοριακός Σταθμός,30400,1
2407,GR,ΣΤΕΡΕΑ ΕΛΛΑΔΑ,78407,1
2408,MN,Алтай хот,24,1
2409,MN,Арвайхээр хот,2016,1
2410,MN,Баруун-Урт хот,2322,1
2411,MN,Баянхонгор хот,2096,1
2412,BG,Благоевград,98302,1
2413,MN,Булган хот,2051,1
2414,BG,Бургас,215317,2
2415,BG,Варна,245023,2
2416,BG,Велико Търново,99412,1
2417,BG,Враца,26427,1
2418,MN,Даланзадгад хот,2262,1
2419,MN,Дархан хот,2543,1
2420,BG,Добрич,22302,1
2421,MN,Зуунмод хот,2049,1
2422,BG,Кърджали,85842,1
2423,BG,Ловеч,22316,1
2424,MN,Мандалговь хот,2013,1
2425,MN,Мандал сум,1998,1
2426,MN,Өлгий хот,1786,1
2427,BG,Пловдив,114557,1
2428,BG,Русе,146439,1
2429,MN,Сайншанд хот,2270,1
2430,BG,Сливен,46414,1
2431,BG,Смолян,90070,1
2432,BG,София (столица),525895,5
2433,BG,Стара Загора,144750,2
2434,MN,Сүхбаатар хот,2195,1
2435,MN,Улаангом хот,2339,1
2436,MN,Улиастай хот,2269,1
2437,BG,Хасково,119441,1
2438,MN,Ховд хот,2320,1
2439,MN,Цэцэрлэг хот,1994,1
2440,MN,Чингис хот,1655,1
2441,MN,Чойбалсан хот,36,1
2442,MN,Чойр хот,2112,1
2443,BG,Шумен,20394,1
2444,MN,Эрдэнэт хот,2212,2
